win;winner;loser;diff_h;diff_w;diff_r;diff_byear
1;Marlon Vera;Rob Font;0.0;0;1;-5.440221222886165
1;Andrei Arlovski;Jake Collier;0.0;-10;1;9.722307781816191
1;Joanderson Brito;Andre Fili;3.0;0;2;-4.632538655824555
1;Grant Dawson;Jared Gordon;-1.0;0;-4;-5.456648664928096
1;Darren Elkins;Tristan Connelly;0.0;0;-3;1.574296529018392
1;Krzysztof Jotko;Gerald Meerschaert;0.0;0;0;-1.6701232742629897
1;Alexandr Romanov;Chase Sherman;2.0;-12;3;-1.067783732725518
1;Francisco Figueiredo;Daniel Da Silva;0.0;0;2;6.617521235891223
1;Gabe Green;Yohan Lainesse;3.0;0;3;-0.7145937288240005
1;Natan Levy;Mike Breeden;1.0;0;-1;-2.442213050233749
1;Shanna Young;Gina Mazany;-1.0;0;3;-2.5051849113944846
1;Uriah Hall;Anderson Silva;2.0;0;-2;-9.297932195732972
1;Bryce Mitchell;Andre Fili;1.0;0;4;-4.276610744916049
1;Anthony Smith;Devin Clark;-4.0;0;-1;1.7111918793678174
1;Miguel Baeza;Takashi Sato;-4.0;0;-1;-2.2067530476327373
1;Parker Porter;Josh Parisian;4.0;0;4;4.18352190667844
1;Bill Algeo;Spike Carlyle;-4.0;0;-2;3.9069932989726004
1;Norma Dumont;Ashlee Evans-Smith;1.0;-10;0;-3.230730268246439
1;Greg Hardy;Maurice Greene;2.0;-7;0;-2.0643818832693346
1;Kevin Holland;Charlie Ontiveros;-1.0;0;-3;-1.3415744334243687
1;Thiago Moises;Bobby Green;1.0;0;1;-8.534056140783179
1;Jonathan Pearce;Kai Kamaka;-5.0;0;-2;2.680410959841749
1;Anderson Dos Santos;Martin Day;5.0;10;3;3.2991779434211517
1;Gina Mazany;Rachael Ostovich;-3.0;0;-6;2.518874446429427
1;Sumudaerji;Malcolm Gordon;-1.0;0;-1;-5.672943318480188
1;Nate Maness;Luke Sanders;-4.0;0;-5;-5.538785875137751
1;Alexander Hernandez;Chris Gruetzemacher;-1.0;0;-4;-6.294448209066579
1;Adrian Yanez;Victor Rodriguez;-2.0;-10;-3;-1.2320581531448285
1;Sean Strickland;Jack Marshman;-1.0;0;-3;-1.1909895480400008
1;Jason Witt;Cole Williams;2.0;0;3;-2.896705613393841
1;Dustin Jacoby;Justin Ledet;1.0;0;4;0.48460954023696584
1;Miles Johns;Kevin Natividad;-1.0;10;4;-0.9911223365298397
1;Stephen Thompson;Geoff Neal;-1.0;0;0;7.542933804253338
1;Jose Aldo;Marlon Vera;1.0;0;0;6.2314763479058435
1;Michel Pereira;Khaos Williams;-1.0;0;4;0.47913372622298883
1;Rob Font;Marlon Moraes;-2.0;0;-4;0.8377995441384833
1;Marcin Tybura;Greg Hardy;2.0;16;2;2.7160037509325994
1;Anthony Pettis;Alex Morono;1.0;15;0;3.5510653880640946
1;Pannie Kianzad;Sijara Eubanks;-3.0;-10;1;-6.614783328884235
1;Deron Winn;Antonio Arroyo;9.0;0;3;0.049282326125793134
1;Taila Santos;Gillian Robertson;-1.0;0;-5;1.9001074628500243
1;Tafon Nchukwi;Jamie Pickett;2.0;-20;3;-6.124697974633292
1;Jimmy Flick;Cody Durden;0.0;0;-1;0.555795122418667
1;Christos Giagos;Carlton Minus;0.0;15;4;3.2553714313093356
1;Rafael Dos Anjos;Paul Felder;3.0;0;0;-0.5037748892858854
1;Khaos Williams;Abdul Razak Alhassan;-2.0;15;-4;-8.632620793034764
1;Ashley Yoder;Miranda Granger;0.0;10;-1;4.481953770440187
1;Sean Strickland;Brendan Allen;1.0;0;-1;4.832405867334716
1;Cory McKenna;Kay Hansen;-1.0;0;5;0.09308883823760926
1;Kanako Murata;Randa Markos;3.0;0;1;-8.000164274420419
1;Tony Gravely;Geraldo de Freitas;2.0;0;3;0.005475814013977016
1;Alex Morono;Rhys McKee;3.0;0;6;5.067865869935727
1;Don'Tale Mayes;Roque Martinez;-8.0;-10;-9;-5.87007262298336
1;Glover Teixeira;Thiago Santos;0.0;0;0;4.194473534706393
1;Andrei Arlovski;Tanner Boser;-1.0;15;-2;12.490331765881573
1;Deiveson Figueiredo;Alex Perez;1.0;0;-3;4.257445395867129
1;Valentina Shevchenko;Jennifer Maia;-1.0;0;-2;0.5831741924885522
1;Raoni Barcelos;Khalid Taha;-2.0;0;2;4.794075169236877
1;Giga Chikadze;Jamey Simmons;-6.0;-10;-4;4.046626556329015
1;Yan Xiaonan;Claudia Gadelha;-1.0;0;0;-0.522940238334805
1;Trevin Giles;Bevon Lewis;3.0;0;5;-1.256699316207725
1;Alexandr Romanov;Marcos Rogerio de Lima;-1.0;-9;0;-5.462124478942073
1;Darren Elkins;Eduardo Garagorri;-1.0;0;-1;5.032273078844877
1;Max Griffin;Ramiz Brahimaj;-1.0;0;-4;6.967973332785752
1;Tim Means;Mike Perry;-4.0;0;-4;7.567574967316235
1;Katlyn Chookagian;Cynthia Calvillo;-5.0;0;-4;-1.462042341731863
1;Gustavo Lopez;Anthony Birchak;3.0;0;2;-3.1157381739529217
1;Paul Craig;Mauricio Rua;-2.0;0;0;-6.004230066325797
1;Brandon Moreno;Brandon Royval;2.0;0;-2;-1.3087195493405066
1;Joaquin Buckley;Jordan Wright;4.0;0;1;-2.5544672375202775
1;Antonina Shevchenko;Ariane Lipski;-2.0;0;0;9.182940101439454
1;Max Holloway;Calvin Kattar;0.0;0;3;-3.6906986454205084
1;Carlos Condit;Matt Brown;-2.0;0;0;-3.290964222400186
1;Li Jingliang;Santiago Ponzinibbio;0.0;0;2;-1.4812076907807827
1;Alessio Di Chirico;Joaquin Buckley;-2.0;0;2;4.372437490160647
1;Punahele Soriano;Dusko Todorovic;2.0;0;2;1.4866835047947597
1;Nicolas Dalby;Daniel Rodriguez;2.0;0;0;2.1218779304160935
1;Alan Jouban;Jared Gooden;0.0;0;4;12.027625481700515
1;Kyle Daukaus;Dustin Stoltzfus;-3.0;0;-1;-1.2868162932845986
1;Sasha Palatnikov;Louis Cosce;-4.0;0;-1;6.450508908464924
1;Joselyne Edwards;Wu Yanan;0.0;0;-4;0.5530572154116785
1;Carlos Felipe;Justin Tafa;0.0;19;-1;-1.0814732677604606
1;Ramazan Emeev;David Zawada;2.0;0;-1;3.1923995701486
1;Vanessa Melo;Sarah Moras;2.0;0;2;0.09308883823760926
1;Austin Lingo;Jacob Kilburn;-1.0;0;2;0.9664811734669432
1;Michael Chiesa;Neil Magny;2.0;0;5;-0.344976282880552
1;Warlley Alves;Mounir Lazzez;2.0;0;4;-3.1349035230018414
1;Ike Villanueva;Vinicius Moreira;3.0;0;3;4.9035914495164175
1;Viviane Araujo;Roxanne Modafferi;3.0;0;1;-4.158880743615543
1;Matt Schnell;Tyson Nam;-1.0;0;-2;-6.278020767024648
1;Lerone Murphy;Douglas Silva de Andrade;-2.0;-10;-5;-6.080891462521476
1;Omari Akhmedov;Tom Breese;3.0;0;0;3.9562756250983937
1;Ricky Simon;Gaetano Pirrello;1.0;0;-4;-0.3395004688665749
1;Sumudaerji;Zarrukh Adashev;-3.0;0;-7;-3.477141898875405
1;Dalcha Lungiambula;Markus Perez;5.0;0;-3;0.8952955912852419
1;Francisco Figueiredo;Jerome Rivera;4.0;0;4;5.4949793630259345
1;Mike Davis;Mason Jones;-2.0;0;2;2.5489914235063007
1;Umar Nurmagomedov;Sergey Morozov;-2.0;-10;-2;-6.71334798113582
1;Manon Fiorot;Victoria Leonardo;-2.0;0;-1;-0.002737907006988508
1;Marvin Vettori;Jack Hermansson;1.0;-20;3;-5.2786847094738425
1;Jamahal Hill;Ovince Saint Preux;-1.0;0;1;-8.112418461706948
1;Gabriel Benitez;Justin Jaynes;-1.0;0;-3;1.1526588499421617
1;Roman Dolidze;John Allan;-1.0;20;-1;4.6078974927616585
1;Jordan Leavitt;Matt Wiman;1.0;0;-3;-11.701814547868882
1;Louis Smolka;Jose Quinonez;-1.0;0;1;-0.9664811734669432
1;Ilia Topuria;Damon Jackson;4.0;-10;2;-8.454656837580512
1;Jake Collier;Gian Villante;0.0;0;-2;-3.186923756134623
1;Deiveson Figueiredo;Brandon Moreno;2.0;0;2;5.971375182241935
1;Deiveson Figueiredo;Brandon Moreno;2.0;0;2;5.971375182241935
1;Charles Oliveira;Tony Ferguson;1.0;0;2;-5.678419132494165
1;Mackenzie Dern;Virna Jandiroba;-1.0;0;1;-4.815978425292785
1;Kevin Holland;Jacare Souza;-2.0;0;-9;-12.91470735196479
1;Ciryl Gane;Junior Dos Santos;0.0;-7;-4;-6.198621463821981
1;Cub Swanson;Daniel Pineda;-1.0;0;-1;1.7604742054936104
1;Rafael Fiziev;Renato Moicano;3.0;0;1;-3.7892632976720946
1;Gavin Tucker;Billy Quarantillo;4.0;0;4;2.4778058413245994
1;Tecia Torres;Sam Hughes;4.0;0;4;2.8665886363169677
1;Chase Hooper;Peter Barrett;-3.0;0;-1;-13.092671307419044
1;Dustin Poirier;Conor McGregor;0.0;0;2;-0.517464424320828
1;Dustin Poirier;Conor McGregor;0.0;0;2;-0.517464424320828
1;Michael Chandler;Dan Hooker;4.0;-10;4;3.808428646721014
1;Joanne Wood;Jessica Eye;0.0;0;1;0.5913879135095177
1;Makhmud Muradov;Andrew Sanchez;-1.0;0;-1;-1.8371356016892886
1;Marina Rodriguez;Amanda Ribas;-3.0;10;1;6.327303093150441
1;Arman Tsarukyan;Matt Frevola;2.0;0;-1;-6.335516814171407
1;Brad Tavares;Antonio Carlos Junior;1.0;0;5;2.234132117702622
1;Julianna Pena;Sara McMann;0.0;0;-3;-8.900935679719638
1;Marcin Prachnio;Khalil Rountree Jr.;-2.0;0;2;1.6208409481371966
1;Movsar Evloev;Nik Lentz;1.0;0;-4;-9.497799407243132
1;Amir Albazi;Zhalgas Zhumagulov;-1.0;0;-2;-5.160954708173337
1;Ciryl Gane;Jairzinho Rozenstruik;-2.0;-3;-3;-2.069857697283312
1;Magomed Ankalaev;Nikita Krylov;0.0;0;2;-0.23819790960800016
1;Montana De La Rosa;Mayra Bueno Silva;-1.0;10;-2;-3.4826177128893816
1;Pedro Munhoz;Jimmie Rivera;-2.0;0;3;2.8090925891702088
1;Alex Caceres;Kevin Croom;1.0;-10;0;-0.9336262893830811
1;Thiago Moises;Alexander Hernandez;0.0;0;2;-2.4723300273106226
1;Alexis Davis;Sabina Mazo;1.0;-10;2;12.471166416832652
1;Ronnie Lawrence;Vince Cachero;-2.0;10;0;-2.5982737496320936
1;Dustin Jacoby;Maxim Grishin;0.0;0;2;-3.9234207410145316
1;Kamaru Usman;Gilbert Burns;-2.0;0;-5;-0.8076825670616098
1;Alexa Grasso;Maycee Barber;0.0;0;-1;4.772171913180969
1;Kelvin Gastelum;Ian Heinisch;2.0;0;1;-3.2170407332114963
1;Ricky Simon;Brian Kelleher;0.0;10;-3;-6.034347043402671
1;Julian Marquez;Maki Pitolo;-4.0;0;3;0.5475814013977015
1;Anthony Hernandez;Rodolfo Vieira;0.0;0;-2;-4.063053998370945
1;Belal Muhammad;Dhiego Lima;3.0;0;3;0.5640088434396325
1;Polyana Viana;Mallory Martin;-1.0;0;-4;1.6263167621511736
1;Chris Gutierrez;Andre Ewell;-1.0;10;8;-3.2498956172953584
1;Gabe Green;Phil Rowe;5.0;0;7;-2.789927240121289
1;Kamaru Usman;Colby Covington;-1.0;0;-4;0.7857793110057016
1;Kamaru Usman;Colby Covington;-1.0;0;-4;0.7857793110057016
1;Alexander Volkanovski;Max Holloway;5.0;0;-2;3.1787100351136575
1;Alexander Volkanovski;Max Holloway;5.0;0;-2;3.1787100351136575
1;Amanda Nunes;Germaine de Randamie;1.0;0;2;-4.098646789461796
1;Marlon Moraes;Jose Aldo;1.0;0;3;-1.629054669158162
1;Petr Yan;Urijah Faber;-1.0;0;0;-13.749768989096285
1;Geoff Neal;Mike Perry;-1.0;0;-4;1.0486183836765983
1;Irene Aldana;Ketlen Vieira;-1.0;0;0;3.4169079447216575
1;Omari Akhmedov;Ian Heinisch;-1.0;0;-1;0.8158962880825753
1;Matt Brown;Ben Saunders;2.0;0;2;2.2532974667515417
1;Chase Hooper;Daniel Teymur;-8.0;0;-5;-11.608725709631273
1;Brandon Moreno;Kai Kara-France;-3.0;0;-1;-0.700904193789058
1;Jessica Eye;Viviane Araujo;-2.0;0;2;0.3203351198176554
1;Punahele Soriano;Oskar Piechota;1.0;0;4;-2.8282579382191284
1;Derrick Lewis;Curtis Blaydes;1.0;5;1;6.0288712293886935
1;Yana Kunitskaya;Ketlen Vieira;2.0;0;0;1.7878532755634955
1;Darrick Minner;Charles Rosa;2.0;0;0;-3.6770091103855655
1;Chris Daukaus;Aleksei Oleinik;-1.0;-10;4;-12.265823391308514
1;Phil Hawes;Nassourdine Imavov;3.0;0;-2;6.141125416675223
1;Tom Aspinall;Andrei Arlovski;-2.0;-16;-1;-14.18235829620047
1;Jared Gordon;Danny Chavez;-1.0;-10;-1;-1.4839455977877711
1;John Castaneda;Eddie Wineland;1.0;0;-2;-7.477224036085614
1;Julian Erosa;Nate Landwehr;-4.0;0;-2;-1.149920942935173
1;Casey O'Neill;Shana Dobson;0.0;0;0;-8.523104512755225
1;Aiemann Zahabi;Drako Rodriguez;0.0;0;1;8.575124745888006
1;Serghei Spivac;Jared Vanderaa;1.0;5;2;-2.702314215897657
1;Alexander Volkov;Alistair Overeem;-3.0;15;0;-8.438229395538581
1;Cory Sandhagen;Frankie Edgar;-5.0;0;-2;-10.51082499982888
1;Clay Guida;Michael Johnson;3.0;0;3;4.487429584454164
1;Alexandre Pantoja;Manel Kape;0.0;0;1;3.5811823651409678
1;Beneil Dariush;Diego Ferreira;-1.0;0;2;-4.295776093964968
1;Danilo Marques;Mike Rodriguez;-2.0;0;5;2.924084683463726
1;Devonte Smith;Justin Jaynes;-2.0;-10;-8;-3.969965160133336
1;Karol Rosa;Joselyne Edwards;3.0;0;3;0.7474486129078626
1;Lara Procopio;Molly McCann;0.0;0;-5;-5.530572154116785
1;SeungWoo Choi;Youssef Zalal;-2.0;0;-2;3.835807716790899
1;Timur Valiev;Martin Day;4.0;10;6;-1.1909895480400008
1;Ode Osbourne;Jerome Rivera;3.0;0;-1;3.282750501379221
1;Conor McGregor;Donald Cerrone;4.0;15;-1;-5.295112151515774
1;Holly Holm;Raquel Pennington;-1.0;0;-2;6.885836122576097
1;Aleksei Oleinik;Maurice Greene;5.0;18;0;9.040568937076053
1;Brian Kelleher;Ode Osbourne;1.0;-20;7;5.390938896760372
1;Diego Ferreira;Anthony Pettis;1.0;0;-2;2.0233132781645073
1;Roxanne Modafferi;Maycee Barber;-2.0;0;-4;15.64713854493932
1;Sodiq Yusuff;Andre Fili;2.0;0;3;-2.8994435204008298
1;Askar Askarov;Tim Elliott;1.0;0;-1;-5.793411226787682
1;Drew Dober;Nasrat Haqparast;2.0;0;2;6.839291703457292
1;Aleksa Camur;Justin Ledet;3.0;0;6;-6.98987658884166
1;Sabina Mazo;JJ Aldrich;-2.0;0;-3;-4.4846916774471755
1;Curtis Blaydes;Junior Dos Santos;0.0;-27;-3;-7.052848450002395
1;Michael Chiesa;Rafael Dos Anjos;-5.0;-15;-5;-3.1130002669459333
1;Alex Perez;Jordan Espinosa;0.0;0;4;-2.3655516540380708
1;Angela Hill;Hannah Cifers;-2.0;0;-2;7.452582873022718
1;Jamahal Hill;Darko Stosic;-4.0;0;-3;0.728283263858943
1;Bevon Lewis;Dequan Townsend;0.0;20;0;-4.9829907527190835
1;Arnold Allen;Nik Lentz;0.0;0;-2;-9.443041267103363
1;Justine Kish;Lucie Pudilova;3.0;0;3;6.165766579738119
1;Montel Jackson;Felipe Colares;-2.0;0;-6;1.9329623469338864
1;Sara McMann;Lina Lansberg;1.0;0;-1;1.4647802487388515
1;Brett Johns;Tony Gravely;-2.0;0;-2;-0.39973442302032214
1;Herbert Burns;Nate Landwehr;0.0;0;-1;0.3422383758735634
1;Chan Sung Jung;Frankie Edgar;-1.0;-10;-4;-5.415580059823268
1;Volkan Oezdemir;Aleksandar Rakic;2.0;0;3;2.3819790960800016
1;Charles Jourdain;Dooho Choi;1.0;0;1;-4.632538655824555
1;Da-Un Jung;Mike Rodriguez;0.0;0;4;-5.024059357823911
1;Junyong Park;Marc-Andre Barriault;3.0;0;1;-1.0239772206137019
1;Kyung Ho Kang;Pingyuan Liu;-3.0;0;-1;5.432007501865199
1;Ciryl Gane;Tanner Boser;-2.0;10;-6;1.3059816423335182
1;SeungWoo Choi;Suman Mokhtarian;-4.0;0;-2;-0.39152070199935657
1;Omar Morales;Dong Hyun Ma;0.0;10;-3;2.896705613393841
1;Alexandre Pantoja;Matt Schnell;3.0;0;3;-0.24914953763595418
1;Raoni Barcelos;Said Nurmagomedov;1.0;0;3;4.930970519586302
1;Amanda Lemos;Miranda Granger;3.0;10;3;4.895377728495451
1;Alatengheili;Ryan Benoit;0.0;-10;2;-2.302579792877335
1;Dan Hooker;Paul Felder;-1.0;10;-5;-5.804362854815636
1;Jimmy Crute;Michal Oleksiejczuk;-2.0;0;0;-1.029453034627679
1;Yan Xiaonan;Karolina Kowalkiewicz;-2.0;0;1;-3.6687953893646004
1;Marcos Rogerio de Lima;Ben Sosoli;-1.0;12;-3;4.460050514384279
1;Brad Riddell;Magomed Mustafaev;1.0;0;0;-3.159544686064738
1;Zubaira Tukhugov;Kevin Aguilar;-1.0;10;5;-2.3546000260101168
1;Jalin Turner;Josh Culibao;-5.0;-10;-4;-0.9829086155088742
1;Jake Matthews;Emil Meek;0.0;0;1;-5.996016345304832
1;Song Kenan;Callan Potter;0.0;0;1;-5.749604714675866
1;Kai Kara-France;Tyson Nam;3.0;0;-1;-9.470420337173248
1;Angela Hill;Loma Lookboonmee;-2.0;0;-3;11.014599889114766
1;Priscila Cachoeira;Shana Dobson;-1.0;0;4;0.6105532625584372
1;Jon Jones;Dominick Reyes;0.0;0;-7;2.4394751432267605
1;Valentina Shevchenko;Katlyn Chookagian;4.0;0;2;0.8104204740685983
1;Justin Tafa;Juan Adams;5.0;1;6;-1.90832118387099
1;Dan Ige;Mirsad Bektic;1.0;0;-1;-0.4681820981950348
1;Derrick Lewis;Ilir Latifi;-5.0;-30;-6;-2.5325639814643695
1;Deiveson Figueiredo;Joseph Benavidez;-1.0;0;-3;-3.381315153630807
1;Deiveson Figueiredo;Joseph Benavidez;-1.0;0;-3;-3.381315153630807
1;Felicia Spencer;Zarah Fairn;2.0;-10;4;-6.970711239792741
1;Trevin Giles;James Krause;2.0;-15;-1;-6.1739803007590845
1;Lauren Murphy;Andrea Lee;1.0;0;2;5.546999596158717
1;Magomed Ankalaev;Ion Cutelaba;-2.0;0;0;1.5332279239135642
1;Magomed Ankalaev;Ion Cutelaba;-2.0;0;0;1.5332279239135642
1;Megan Anderson;Norma Dumont;-5.0;0;-5;0.6351944256213338
1;Khaos Williams;Alex Morono;-1.0;0;-5;-3.619513063238807
1;Mario Bautista;Miles Johns;-2.0;0;-3;0.7447107059008741
1;Grant Dawson;Darrick Minner;-3.0;-10;-3;-3.81664236774198
1;Kyler Phillips;Gabriel Silva;-2.0;0;-1;-0.7939930320266673
1;Domingo Pilarte;Journey Newson;-7.0;0;-6;-0.8323237301245063
1;Andre Ewell;Jonathan Martinez;0.0;-10;-5;6.245165882940786
1;Brendan Allen;Tom Breese;1.0;0;-2;-4.254707488860141
1;Marcin Tybura;Serghei Spivac;0.0;11;0;9.207581264502352
1;Youssef Zalal;Austin Lingo;0.0;0;-2;-2.1547328144999556
1;Luis Pena;Steve Garcia;-3.0;0;0;-1.1198039658582997
1;Jordan Griffin;TJ Brown;-1.0;0;-1;0.22724628158004614
1;Spike Carlyle;Aalon Cruz;4.0;0;7;-3.6249888772527843
1;Sean Brady;Ismail Naurdiev;0.0;0;2;3.7345051575323245
1;Jan Blachowicz;Corey Anderson;1.0;0;1;6.576452630786395
1;Diego Sanchez;Michel Pereira;3.0;0;1;11.764786409029618
1;Montana De La Rosa;Mara Romero Borella;-1.0;0;1;-8.701068468209478
1;Brok Weaver;Kazula Vargas;-4.0;0;-2;-6.305399837094533
1;Ray Borg;Rogerio Bontorin;1.0;-10;4;-1.2758646652566445
1;Lando Vannata;Yancy Medeiros;1.0;0;4;-4.517546561531038
1;Daniel Rodriguez;Tim Means;1.0;0;1;-2.8611128223029905
1;John Dodson;Nathaniel Wood;3.0;0;3;8.613455443985846
1;Scott Holtzman;Jim Miller;-1.0;0;2;-0.08487511721664373
1;Devin Clark;Dequan Townsend;3.0;0;4;-3.920682834007543
1;Merab Dvalishvili;Casey Kenney;1.0;0;0;0.18891558348220702
1;Macy Chiasson;Shanna Young;-4.0;-20;-7;-0.4298514000971957
1;Raulian Paiva;Mark De La Rosa;-2.0;0;-4;-1.128017686879265
1;Israel Adesanya;Yoel Romero;-4.0;0;-7;-12.227492693210674
1;Zhang Weili;Joanna Jedrzejczyk;2.0;0;2;-1.9877204870736565
1;Beneil Dariush;Drakkar Klose;-1.0;0;-2;-1.1581346639561387
1;Neil Magny;Li Jingliang;-3.0;0;-9;0.6297186116073568
1;Alex Oliveira;Max Griffin;0.0;0;0;-2.2286563036886453
1;Sean O'Malley;Jose Quinonez;-3.0;0;-3;-4.241017953825199
1;Mark Madsen;Austin Hubbard;2.0;0;-1;7.244501940491591
1;Rodolfo Vieira;Saparbeg Safarov;1.0;0;5;-2.9487258465266226
1;Gerald Meerschaert;Deron Winn;-7.0;0;-7;1.4866835047947597
1;Giga Chikadze;Jamall Emmers;-2.0;0;0;0.9117230333271731
1;Batgerel Danaa;Guido Cannetti;-1.0;0;-2;-9.541605919354948
1;Glover Teixeira;Anthony Smith;2.0;0;0;8.744874980321294
1;Ben Rothwell;Ovince Saint Preux;-1.0;-60;2;1.4729939697598171
1;Drew Dober;Alexander Hernandez;1.0;0;2;3.9507998110844165
1;Ricky Simon;Ray Borg;-2.0;0;-6;0.9254125683621156
1;Andrei Arlovski;Philipe Lins;-1.0;0;1;6.532646118674579
1;Thiago Moises;Michael Johnson;1.0;0;3;-8.799633120461063
1;Sijara Eubanks;Sarah Moras;3.0;10;0;3.00895980068037
1;Omar Morales;Gabriel Benitez;-3.0;0;-2;2.6612456107928293
1;Brian Kelleher;Hunter Azure;2.0;0;3;5.536047968130762
1;Chase Sherman;Ike Villanueva;-3.0;-45;-5;-5.6181851783404175
1;Justin Gaethje;Tony Ferguson;0.0;0;6;-4.755744471139038
1;Henry Cejudo;Dominick Cruz;4.0;0;4;-1.9220107189059323
1;Francis Ngannou;Jairzinho Rozenstruik;-2.0;-8;-5;1.5304900169065758
1;Calvin Kattar;Jeremy Stephens;-2.0;0;-1;-1.8371356016892886
1;Greg Hardy;Yorgan De Castro;-5.0;-15;-6;-1.607151413102254
1;Anthony Pettis;Donald Cerrone;3.0;15;1;-3.8330698097839107
1;Aleksei Oleinik;Fabricio Werdum;2.0;-9;-3;0.1095162802795403
1;Carla Esparza;Michelle Waterson;2.0;0;-1;-1.7577362984866218
1;Vicente Luque;Niko Price;1.0;0;1;-2.1602086285139324
1;Bryce Mitchell;Charles Rosa;-1.0;0;-1;-8.112418461706948
1;Ryan Spann;Sam Alvey;-3.0;-20;-4;-5.3005879655297505
1;Charles Oliveira;Kevin Lee;-1.0;15;3;2.8830160783588985
1;Gilbert Burns;Demian Maia;3.0;0;1;-8.701068468209478
1;Renato Moicano;Damir Hadzovic;-2.0;0;-2;-2.7844514261073123
1;Nikita Krylov;Johnny Walker;3.0;0;5;0.06297186116073568
1;Francisco Trinaldo;John Makdessi;-1.0;-15;-2;6.691444725079912
1;Brandon Moreno;Jussier Formiga;-2.0;0;-3;-8.649048235076696
1;Amanda Ribas;Randa Markos;1.0;-10;-3;-8.043970786532235
1;Elizeu Zaleski dos Santos;Aleksei Kunchenko;-3.0;0;-3;-2.6092253776600476
1;Rani Yahya;Enrique Barzola;1.0;10;3;4.62432493480359
1;Maryna Moroz;Mayra Bueno Silva;-1.0;10;-1;-0.04654441911880463
1;David Dvorak;Bruno Silva;-1.0;0;-3;-2.223180489674668
1;Bea Malecki;Veronica Macedo;-5.0;-10;-10;4.186259813685428
1;Gilbert Burns;Tyron Woodley;-1.0;0;3;-4.284824465937015
1;Augusto Sakai;Blagoy Ivanov;-4.0;-15;-4;-4.580518422691774
1;Billy Quarantillo;Spike Carlyle;-2.0;0;1;4.408030281251497
1;Roosevelt Roberts;Brok Weaver;-2.0;0;0;-2.1875876985838176
1;Mackenzie Dern;Hannah Cifers;-3.0;0;-1;-0.7419727988938856
1;Katlyn Chookagian;Antonina Shevchenko;-1.0;0;-1;-4.104122603475773
1;Daniel Rodriguez;Gabe Green;-3.0;0;-1;6.335516814171407
1;Jamahal Hill;Klidson Abreu;-4.0;0;-5;1.601675599088277
1;Brandon Royval;Tim Elliott;-2.0;0;-2;-5.645564248410302
1;Casey Kenney;Louis Smolka;2.0;0;0;0.3230730268246439
1;Chris Gutierrez;Vince Morales;-2.0;0;3;-0.4408030281251497
1;Alistair Overeem;Walt Harris;1.0;-15;-3;3.06371794082014
1;Claudia Gadelha;Angela Hill;-1.0;0;1;-3.901517484958623
1;Dan Ige;Edson Barboza;4.0;0;4;-5.538785875137751
1;Krzysztof Jotko;Eryk Anders;0.0;0;-2;-2.32995886294722
1;Song Yadong;Marlon Vera;0.0;0;3;-4.999418194761015
1;Cynthia Calvillo;Jessica Eye;2.0;0;2;-0.9610053594529662
1;Marvin Vettori;Karl Roberson;1.0;-20;0;-2.9624153815615655
1;Miguel Baeza;Matt Brown;-2.0;0;1;-11.616939430652238
1;Kevin Holland;Anthony Hernandez;-3.0;0;-6;0.9500537314250121
1;Giga Chikadze;Irwin Rivera;-6.0;-10;-7;0.4736579122090118
1;Charles Rosa;Kevin Aguilar;-2.0;10;4;2.039740720206438
1;Andre Fili;Charles Jourdain;-2.0;0;-5;5.423793780844234
1;Nate Landwehr;Darren Elkins;1.0;0;-1;-4.057578184356968
1;Cortney Casey;Mara Romero Borella;-1.0;0;2;-0.9199367543481386
1;Rodrigo Nascimento;Don'Tale Mayes;4.0;14;1;-0.8624407072013799
1;Jordan Espinosa;Mark De La Rosa;0.0;10;-4;4.810502611278808
1;Mariya Agapova;Hannah Cifers;-5.0;-10;-6;-4.780385634201934
1;Merab Dvalishvili;Gustavo Lopez;-1.0;0;-1;-1.5387037379275412
1;Julia Avila;Gina Mazany;-1.0;-10;0;0.27379070069885075
1;Tyson Nam;Zarrukh Adashev;-2.0;0;-3;8.813322655496005
1;Christian Aguilera;Anthony Ivy;5.0;15;2;-1.8371356016892886
1;Amanda Nunes;Felicia Spencer;-2.0;10;-1;2.4997090973805074
1;Cody Garbrandt;Raphael Assuncao;-3.0;10;1;-8.966645447887363
1;Aljamain Sterling;Cory Sandhagen;4.0;0;-1;2.7214795649465766
1;Neil Magny;Anthony Rocco Martin;-3.0;0;-7;2.357337933017105
1;Sean O'Malley;Eddie Wineland;-4.0;0;-3;-10.327385230360651
1;Alex Caceres;Chase Hooper;3.0;0;1;11.230894542666858
1;Ian Heinisch;Gerald Meerschaert;2.0;0;5;-0.6324565186143453
1;Cody Stamann;Brian Kelleher;0.0;0;2;-3.225254454232462
1;Maki Pitolo;Charles Byrd;0.0;0;-2;-7.121296125177109
1;Alex Perez;Jussier Formiga;-1.0;0;2;-6.93511844870189
1;Devin Clark;Alonzo Menifield;0.0;0;1;-2.4832816553385766
1;Herbert Burns;Evan Dunham;1.0;10;-3;-6.124697974633292
1;Curtis Blaydes;Alexander Volkov;3.0;-15;0;-2.319007234919266
1;Josh Emmett;Shane Burgos;5.0;0;5;6.039822857416648
1;Raquel Pennington;Marion Reneau;-1.0;0;1;-11.21172919361794
1;Belal Muhammad;Lyman Good;1.0;0;2;-3.1212139879668985
1;Jim Miller;Roosevelt Roberts;6.0;0;2;10.453328952682122
1;Bobby Green;Clay Guida;-3.0;0;-1;-4.75300656413205
1;Tecia Torres;Brianna Van Buren;-1.0;0;2;3.9672272531263477
1;Marc-Andre Barriault;Oskar Piechota;-1.0;0;2;-0.06844767517471269
1;Gillian Robertson;Cortney Casey;2.0;0;4;-8.033019158504281
1;Justin Jaynes;Frank Camacho;3.0;10;5;-0.22998418858703465
1;Lauren Murphy;Roxanne Modafferi;2.0;0;2;-0.8377995441384833
1;Austin Hubbard;Max Rohskopf;3.0;0;0;2.7652860770583927
1;Dustin Poirier;Dan Hooker;3.0;-10;3;1.067783732725518
1;Mike Perry;Mickey Gall;4.0;0;3;0.3531900039015175
1;Maurice Greene;Gian Villante;-4.0;-28;-4;-0.8788681492433109
1;Brendan Allen;Kyle Daukaus;1.0;0;1;-2.830995845226117
1;Takashi Sato;Jason Witt;0.0;0;-3;-3.586658179154945
1;Julian Erosa;Sean Woodson;1.0;0;4;2.852899101282025
1;Khama Worthy;Luis Pena;4.0;0;1;6.721561702156786
1;Tanner Boser;Philipe Lins;0.0;-15;3;-5.957685647206993
1;Kay Hansen;Jinh Yu Frey;1.0;0;2;-14.23437852933325
1;Youssef Zalal;Jordan Griffin;0.0;0;1;-6.516218676632648
1;Kamaru Usman;Jorge Masvidal;-1.0;0;-2;-2.4914953763595418
1;Kamaru Usman;Jorge Masvidal;-1.0;0;-2;-2.4914953763595418
1;Alexander Volkanovski;Max Holloway;5.0;0;-2;3.1787100351136575
1;Alexander Volkanovski;Max Holloway;5.0;0;-2;3.1787100351136575
1;Petr Yan;Jose Aldo;0.0;0;3;-6.425867745402027
1;Rose Namajunas;Jessica Andrade;-4.0;10;-3;-0.7611381479428051
1;Amanda Ribas;Paige VanZant;1.0;-10;-1;0.5804362854815637
1;Jiri Prochazka;Volkan Oezdemir;-1.0;0;-5;-3.0691937548341173
1;Muslim Salikhov;Elizeu Zaleski dos Santos;0.0;0;3;2.5051849113944846
1;Makwan Amirkhani;Danny Henry;2.0;0;1;-0.3121213987966899
1;Leonardo Santos;Roman Bogatov;-4.0;0;-2;10.85853918971642
1;Marcin Tybura;Maxim Grishin;0.0;-44;0;-1.5222762958856102
1;Raulian Paiva;Zhalgas Zhumagulov;-4.0;-10;-3;-7.132247753205062
1;Karol Rosa;Vanessa Melo;0.0;0;-2;-6.759892400254626
1;Davey Grant;Martin Day;2.0;10;4;2.896705613393841
1;Calvin Kattar;Dan Ige;-4.0;0;-1;3.3621498045818874
1;Tim Elliott;Ryan Benoit;-2.0;0;2;2.669459331813795
1;Deiveson Figueiredo;Joseph Benavidez;-1.0;0;-3;-3.381315153630807
1;Deiveson Figueiredo;Joseph Benavidez;-1.0;0;-3;-3.381315153630807
1;Jack Hermansson;Kelvin Gastelum;-4.0;0;-6;3.370363525602853
1;Rafael Fiziev;Marc Diakiese;2.0;0;2;0.030116977076873584
1;Jimmie Rivera;Cody Stamann;2.0;10;-4;0.3641416319294715
1;Taila Santos;Molly McCann;-2.0;0;-6;-3.1349035230018414
1;Mounir Lazzez;Abdul Razak Alhassan;-3.0;15;-3;-2.2642490947794958
1;Ariane Lipski;Luana Carolina;0.0;0;2;-0.6269807046003683
1;Askar Askarov;Alexandre Pantoja;-1.0;0;0;-2.4832816553385766
1;Roman Dolidze;Khadis Ibragimov;1.0;20;2;6.847505424478258
1;Robert Whittaker;Darren Till;0.0;0;1;2.0123616501365533
1;Mauricio Rua;Rogerio Nogueira;1.0;0;-1;-5.4812898279909925
1;Khamzat Chimaev;John Phillips;-3.0;15;0;-8.892721958698672
1;Grant Dawson;Nad Narimani;-2.0;-10;-2;-6.855719145499223
1;Fabricio Werdum;Alexander Gustafsson;1.0;-26;2;9.462206616152283
1;Carla Esparza;Marina Rodriguez;5.0;0;2;-0.4490167491461153
1;Paul Craig;Gadzhimurad Antigulov;-4.0;0;-6;-0.7967309390336558
1;Lerone Murphy;Ricardo Ramos;0.0;0;-1;4.027461207280095
1;Modestas Bukauskas;Andreas Michailidis;-3.0;-20;-2;-5.566164945207636
1;Joel Alvarez;Joe Duffy;-5.0;0;-4;-5.035010985851866
1;Brett Johns;Montel Jackson;3.0;0;4;0.172488141440276
1;Alex Oliveira;Peter Sobotta;1.0;0;-1;-1.111590244837334
1;Khamzat Chimaev;Rhys McKee;0.0;0;3;1.3607397824732883
1;Francisco Trinaldo;Jai Herbert;4.0;-15;7;9.719569874809203
1;Jared Gordon;Chris Fishgold;-1.0;-10;0;3.748194692567267
1;Liana Jojua;Diana Belbita;3.0;-10;6;1.2649130372286905
1;Jack Shore;Aaron Phillips;1.0;0;0;-5.505930991053889
1;Amir Albazi;Malcolm Gordon;2.0;0;3;-3.441549107784554
1;Arman Tsarukyan;Davi Ramos;-1.0;0;-2;-9.933126621354306
1;Serghei Spivac;Carlos Felipe;-3.0;-15;-3;-0.03285488408386209
1;Nicolas Dalby;Jesse Ronson;-1.0;-15;-4;1.1033765238163686
1;Tom Aspinall;Jake Collier;-2.0;-26;0;-4.460050514384279
1;Movsar Evloev;Mike Grundy;0.0;0;0;-7.107606590142166
1;Tanner Boser;Raphael Pessoa;1.0;7;3;-2.398406538121933
1;Pannie Kianzad;Bethe Correia;-2.0;0;-2;-8.462870558601477
1;Derek Brunson;Edmen Shahbazyan;1.0;0;-3;13.878450618424745
1;Jennifer Maia;Joanne Wood;2.0;0;1;-2.7871893331143007
1;Vicente Luque;Randy Brown;4.0;0;3;-1.3881188525431734
1;Ramazan Emeev;Niklas Stolze;2.0;0;-1;5.601757736298486
1;Nathaniel Wood;John Castaneda;0.0;0;2;-1.3881188525431734
1;Bobby Green;Lando Vannata;-1.0;0;0;5.511406805067866
1;Jonathan Martinez;Frankie Saenz;-2.0;0;-4;-13.68679712793555
1;Nate Maness;Johnny Munoz;-1.0;0;-1;1.6427442041931046
1;Jamall Emmers;Vince Cachero;-4.0;0;-6;0.29021814274078184
1;Chris Gutierrez;Cody Durden;-2.0;-10;0;-0.06570976816772418
1;Derrick Lewis;Aleksei Oleinik;-1.0;-20;1;-7.636022642490948
1;Chris Weidman;Omari Akhmedov;-2.0;0;-5;3.3183432924700713
1;Darren Stewart;Maki Pitolo;-2.0;-20;1;-0.09856465225158627
1;Yana Kunitskaya;Julija Stoliarenko;1.0;0;-2;3.4059563166937035
1;Beneil Dariush;Scott Holtzman;-1.0;0;-3;-5.599019829291498
1;Tim Means;Laureano Staropoli;-1.0;15;-4;9.021403588027132
1;Kevin Holland;Joaquin Buckley;-5.0;0;-5;1.4729939697598171
1;Nasrat Haqparast;Alexander Munoz;-1.0;0;0;-5.4812898279909925
1;Andrew Sanchez;Wellington Turman;-1.0;0;-2;8.287644510154212
1;Gavin Tucker;Justin Jaynes;1.0;0;2;3.148593058036784
1;Youssef Zalal;Peter Barrett;0.0;0;1;-10.070021971703731
1;Irwin Rivera;Ali AlQaisi;0.0;0;1;1.6044135060952656
1;Stipe Miocic;Daniel Cormier;-5.0;-5;-8;-3.4169079447216575
1;Marlon Vera;Sean O'Malley;3.0;0;2;1.8918937418290587
1;Jairzinho Rozenstruik;Junior Dos Santos;2.0;-4;-1;-4.128763766538669
1;Daniel Pineda;Herbert Burns;2.0;0;4;2.4914953763595418
1;Merab Dvalishvili;John Dodson;-3.0;0;-2;-6.288972395052602
1;Vinc Pichel;Jim Miller;-2.0;0;-1;0.7666139619567821
1;Virna Jandiroba;Felice Herrig;1.0;0;1;-3.696174459434485
1;Danny Chavez;TJ Brown;1.0;0;5;3.1896616631416115
1;Livinha Souza;Ashley Yoder;4.0;0;6;-3.3895288746517727
1;Chris Daukaus;Parker Porter;-3.0;15;-1;-4.4271956303004165
1;Kai Kamaka;Tony Kelley;2.0;-10;1;-7.9563577623086035
1;Alistair Overeem;Augusto Sakai;-1.0;0;-3;10.976269191016927
1;Ovince Saint Preux;Alonzo Menifield;-3.0;0;-4;4.5284981895589915
1;Michel Pereira;Zelim Imadaev;-1.0;0;3;1.3032437353265296
1;Andre Muniz;Bartosz Fabinski;-1.0;-15;-3;-3.813904460734991
1;Brian Kelleher;Ray Rodriguez;1.0;-10;4;1.3087195493405066
1;Viviane Araujo;Montana De La Rosa;3.0;0;0;8.232886370014443
1;Aleksandar Rakic;Anthony Smith;0.0;0;-2;-3.531900039015175
1;Neil Magny;Robbie Lawler;-4.0;0;-6;-5.371773547711452
1;Alexa Grasso;Ji Yeon Kim;2.0;0;6;-3.808428646721014
1;Hunter Azure;Cole Smith;3.0;-10;-2;-2.907657241421795
1;Ricardo Lamas;Bill Algeo;4.0;0;2;7.052848450002395
1;Impa Kasanganay;Maki Pitolo;-1.0;15;0;-3.148593058036784
1;Zak Cummings;Alessio Di Chirico;0.0;0;-1;5.360821919683498
1;Alex Caceres;Austin Springer;-2.0;0;-2;-1.1088523378303456
1;Frankie Edgar;Pedro Munhoz;0.0;0;-3;4.892639821488463
1;Mike Rodriguez;Marcin Prachnio;-1.0;0;-8;-0.37509325995742554
1;Joe Solecki;Austin Hubbard;1.0;0;1;-1.6810749022909437
1;Sean Brady;Christian Aguilera;-1.0;0;0;-0.9965981505438167
1;Polyana Viana;Emily Whitmire;0.0;10;-4;-1.0595700117045526
1;Mallory Martin;Hannah Cifers;-3.0;0;-1;-1.5934618780673115
1;Shana Dobson;Mariya Agapova;0.0;0;-1;8.022067530476328
1;Daniel Rodriguez;Dwight Grant;0.0;0;2;-2.2943660718563694
1;Amanda Lemos;Inoue Mizuki;-1.0;10;0;7.244501940491591
1;Jordan Wright;Ike Villanueva;-1.0;20;-4;-7.507341013162488
1;Matthew Semelsberger;Carlton Minus;-3.0;0;0;0.4216376790762302
1;Timur Valiev;Trevin Jones;1.0;0;3;0.539367680376736
1;Michelle Waterson;Angela Hill;0.0;0;2;-0.9829086155088742
1;Ottman Azaitar;Khama Worthy;3.0;0;3;-3.3511981765539334
1;Roxanne Modafferi;Andrea Lee;-1.0;0;0;6.3847991402972
1;Ed Herman;Mike Rodriguez;3.0;0;5;8.156224973818764
1;Bobby Green;Alan Patrick;1.0;0;3;-3.1431172440228066
1;Billy Quarantillo;Kyle Nelson;1.0;10;1;2.362813747031082
1;Sijara Eubanks;Julia Avila;3.0;10;1;3.0390767777572436
1;Roosevelt Roberts;Kevin Croom;-3.0;-20;0;-6.579190537793384
1;Alexandr Romanov;Roque Martinez;-4.0;-12;-3;-4.772171913180969
1;Jalin Turner;Brok Weaver;-3.0;0;-4;-3.4497628288055195
1;Bryan Barberena;Anthony Ivy;2.0;15;2;0.7255453568519545
1;Sabina Mazo;Justine Kish;-2.0;0;-6;-8.947480098838444
1;Israel Adesanya;Paulo Costa;-3.0;20;-8;1.7467846704586678
1;Jan Blachowicz;Dominick Reyes;2.0;0;-1;6.836553796450303
1;Brandon Royval;Kai Kara-France;-5.0;0;1;0.6078153555514487
1;Ketlen Vieira;Sijara Eubanks;-4.0;-10;-1;-6.330041000157429
1;Hakeem Dawodu;Zubaira Tukhugov;0.0;0;-5;-0.4599683771740693
1;Brad Riddell;Alex Da Silva;1.0;0;2;4.34779632709775
1;Jake Matthews;Diego Sanchez;-1.0;0;-1;-12.632702930244974
1;Ludovit Klein;Shane Young;1.0;-10;0;-1.5633449009904379
1;William Knight;Aleksa Camur;3.0;0;1;7.477224036085614
1;Juan Espino;Jeff Hughes;-1.0;-5;-3;7.603167758407086
1;Danilo Marques;Khadis Ibragimov;-3.0;0;1;9.399234754991546
1;Colby Covington;Tyron Woodley;-2.0;0;2;-5.878286344004326
1;Donald Cerrone;Niko Price;-1.0;0;3;6.505267048604694
1;Khamzat Chimaev;Gerald Meerschaert;-1.0;15;2;-6.3683716982552685
1;Johnny Walker;Ryan Spann;-1.0;0;-3;-0.5996016345304832
1;Mackenzie Dern;Randa Markos;0.0;0;0;-7.619595200449017
1;Kevin Holland;Darren Stewart;-3.0;20;-7;-1.8508251367242312
1;David Dvorak;Jordan Espinosa;1.0;0;1;-2.573632586569197
1;Damon Jackson;Mirsad Bektic;-3.0;0;-1;2.524350260443404
1;Mayra Bueno Silva;Mara Romero Borella;0.0;-10;3;-5.218450755320095
1;Jessica-Rose Clark;Sarah Alpar;-1.0;0;-1;3.5072588759522785
1;Darrick Minner;TJ Laramie;-1.0;0;-3;7.466272408057661
1;Randy Costa;Journey Newson;-4.0;0;-6;-5.330704942606625
1;Andre Ewell;Irwin Rivera;-2.0;-10;-8;1.067783732725518
1;Tyson Nam;Jerome Rivera;3.0;0;4;11.543015941463548
1;Holly Holm;Irene Aldana;1.0;0;-1;6.43955728043697
1;Carlos Felipe;Yorgan De Castro;0.0;5;-1;-8.065874042588144
1;Germaine de Randamie;Julianna Pena;-3.0;0;-2;5.31975331457867
1;Kyler Phillips;Cameron Else;1.0;0;-1;-8.12610799674189
1;Dusko Todorovic;Dequan Townsend;2.0;20;5;-8.022067530476328
1;Carlos Condit;Court McGee;-3.0;0;0;0.6297186116073568
1;Charles Jourdain;Josh Culibao;1.0;0;4;-1.5113246678576562
1;Nassourdine Imavov;Jordan Williams;-2.0;0;0;-4.380651211181612
1;Loma Lookboonmee;Jinh Yu Frey;2.0;0;4;-10.664147792220238
1;Casey Kenney;Alatengheili;-2.0;0;-2;0.7364969848799086
1;Luigi Vendramini;Jessin Ayari;4.0;0;0;-3.6277267842597727
1;Brian Ortega;Chan Sung Jung;-1.0;0;3;-3.9343723690424857
1;Jessica Andrade;Katlyn Chookagian;8.0;0;6;-2.7406449139954963
1;Jimmy Crute;Modestas Bukauskas;1.0;0;4;-2.061643976262346
1;James Krause;Claudio Silva;-3.0;0;-2;-3.74271887855329
1;Jonathan Martinez;Thomas Almeida;-1.0;10;0;-2.7214795649465766
1;Guram Kutateladze;Mateusz Gamrot;-1.0;0;-2;-1.0759974537464836
1;Gillian Robertson;Poliana Botelho;3.0;-10;4;-6.417654024381062
1;Junyong Park;John Phillips;1.0;0;2;-5.7194877375989925
1;Fares Ziam;Jamie Mullarkey;-1.0;0;-1;-2.592797935618117
1;Maxim Grishin;Gadzhimurad Antigulov;-4.0;0;-8;2.7734997980793583
1;Said Nurmagomedov;Mark Striegl;0.0;10;0;-3.7837874836581173
1;Cory Sandhagen;Marlon Moraes;-5.0;0;-3;-3.9836546951682785
1;Edson Barboza;Makwan Amirkhani;-1.0;0;-3;2.7981409611422547
1;Marcin Tybura;Ben Rothwell;1.0;16;0;-4.063053998370945
1;Dricus Du Plessis;Markus Perez;0.0;0;-3;-5.563427038200648
1;Tom Aspinall;Alan Baudot;-2.0;-13;1;-5.19107168525021
1;Ilia Topuria;Youssef Zalal;3.0;-10;3;-0.38056907397140255
1;Tom Breese;KB Bhullar;1.0;0;5;0.043806512111816125
1;Chris Daukaus;Rodrigo Nascimento;-1.0;-4;4;3.170496314092692
1;Joaquin Buckley;Impa Kasanganay;1.0;-15;-1;-0.27379070069885075
1;Tony Kelley;Ali AlQaisi;-3.0;0;-2;3.6715332963715888
1;Giga Chikadze;Omar Morales;-1.0;0;-1;-2.8556370082890137
1;Tracy Cortez;Stephanie Egger;1.0;10;3;-5.327967035599636
1;Tagir Ulanbekov;Bruno Silva;-3.0;0;-5;-1.3935946665571504
1;Jan Blachowicz;Israel Adesanya;2.0;-20;2;6.406702396353108
1;Amanda Nunes;Megan Anderson;4.0;10;3;1.7029781583468517
1;Aljamain Sterling;Petr Yan;0.0;0;-4;3.5346379460221633
1;Aljamain Sterling;Petr Yan;0.0;0;-4;3.5346379460221633
1;Islam Makhachev;Drew Dober;-2.0;0;0;-3.019911428708324
1;Aleksandar Rakic;Thiago Santos;-2.0;0;-2;-8.082301484630074
1;Dominick Cruz;Casey Kenney;-1.0;0;0;6.0288712293886935
1;Kyler Phillips;Song Yadong;0.0;0;-5;2.475067934317611
1;Askar Askarov;Joseph Benavidez;-2.0;0;-2;-8.191817764909615
1;Leon Edwards;Belal Muhammad;-3.0;0;-2;-3.1266898019808758
1;Ryan Spann;Misha Cirkunov;-2.0;-20;-2;-4.487429584454164
1;Kai Kara-France;Rogerio Bontorin;1.0;0;-2;-0.9171988473411501
1;Tim Elliott;Jordan Espinosa;-1.0;0;3;2.874802357337933
1;Kennedy Nzechukwu;Carlos Ulberg;-1.0;0;-6;-1.5989376920812886
1;Dan Ige;Gavin Tucker;-1.0;0;-5;-5.136313545110441
1;Davey Grant;Jonathan Martinez;0.0;0;1;8.336926836280005
1;Matheus Nicolau;Manel Kape;-1.0;0;2;0.8542269861804144
1;Sean Brady;Jake Matthews;1.0;0;1;1.7358330424307138
1;Amanda Lemos;Livinha Souza;-1.0;0;-2;3.802952832707037
1;Uros Medic;Aalon Cruz;-1.0;-10;7;-3.5948719001759106
1;Trevin Jones;Mario Bautista;2.0;0;-1;2.907657241421795
1;Eryk Anders;Darren Stewart;-1.0;20;-1;3.693436552427497
0;Eryk Anders;Darren Stewart;1.0;-20;1;-3.693436552427497
0;Angela Hill;Ashley Yoder;-4.0;0;-5;-2.768023984065381
0;Charles Jourdain;Marcelo Rojo;1.0;10;-2;7.403300546896925
0;Rani Yahya;Ray Rodriguez;-1.0;0;-3;-3.241681896274393
0;Nasrat Haqparast;Rafa Garcia;3.0;0;2;1.04588047666961
0;JJ Aldrich;Cortney Casey;-2.0;0;0;5.404628431795314
0;Khabib Nurmagomedov;Justin Gaethje;-1.0;0;0;-0.15058488538436793
0;Robert Whittaker;Jared Cannonier;1.0;0;-4;6.762630307261614
0;Jinh Yu Frey;Gloria de Paula;-2.0;0;-2;-10.05633243666879
0;Matthew Semelsberger;Jason Witt;3.0;0;5;6.045298671430625
0;Alexander Volkov;Walt Harris;2.0;0;3;5.374511454718441
0;Phil Hawes;Jacob Malkoun;3.0;0;4;-6.628472863919177
0;Lauren Murphy;Liliya Shakirova;1.0;0;2;-8.243837998042396
0;Magomed Ankalaev;Ion Cutelaba;2.0;0;0;-1.5332279239135642
0;Magomed Ankalaev;Ion Cutelaba;2.0;0;0;-1.5332279239135642
0;Tai Tuivasa;Stefan Struve;-9.0;-1;-9;5.073341683949705
0;Casey Kenney;Nathaniel Wood;1.0;0;-1;-2.135567465451036
0;Shavkat Rakhmonov;Alex Oliveira;2.0;0;1;6.669541469024004
0;Da-Un Jung;Sam Alvey;2.0;20;3;7.589478223372143
0;Miranda Maverick;Liana Jojua;-1.0;0;3;2.277938629814438
0;Joel Alvarez;Alexander Yakovlev;-0.0;0;3;8.62166916500681
0;Derek Brunson;Kevin Holland;-2.0;0;-4;-8.837963818558903
0;Max Griffin;Song Kenan;-1.0;0;5;-4.276610744916049
0;Montserrat Conejo;Cheyanne Vlismas;-3.0;0;-2;-2.387454910093979
0;Adrian Yanez;Gustavo Lopez;2.0;0;3;4.424457723293428
0;Tai Tuivasa;Harry Hunsucker;-0.0;23;0;4.197211441713383
0;Macy Chiasson;Marion Reneau;5.0;10;4;14.100221085990814
0;Grant Dawson;Leonardo Santos;-2.0;0;-3;14.042725038844056
0;Trevin Giles;Roman Dolidze;-2.0;0;-2;4.060316091363957
0;Montel Jackson;Jesse Strader;3.0;0;5;0.9062472193131961
0;Bruno Silva;JP Buys;-1.0;-10;-2;-6.124697974633292
0;Robert Whittaker;Kelvin Gastelum;3.0;0;2;-0.8432753581524604
0;Andrei Arlovski;Chase Sherman;-1.0;-10;-1;-10.781877793520744
0;Jacob Malkoun;Abdul Razak Alhassan;-1.0;0;0;10.039904994626857
0;Tracy Cortez;Justine Kish;-0.0;0;1;5.659253783445245
0;Luis Pena;Alexander Munoz;6.0;0;3;3.3511981765539334
0;Alexandr Romanov;Juan Espino;-1.0;7;-5;10.171324530962305
0;Jessica Penne;Loopy Godinez;3.0;0;6;-10.601175931059501
0;Gerald Meerschaert;Bartosz Fabinski;1.0;15;2;1.645482111200093
0;Austin Hubbard;Dakota Bush;-0.0;0;-2;-2.464116306289657
0;Francis Ngannou;Stipe Miocic;-0.0;10;3;4.046626556329015
0;Vicente Luque;Tyron Woodley;2.0;0;1;9.640170571606536
0;Tony Gravely;Anthony Birchak;-3.0;0;0;5.369035640704463
0;Sean O'Malley;Thomas Almeida;4.0;-10;2;3.2334681752534276
0;Miranda Maverick;Gillian Robertson;-2.0;0;2;2.124615837423082
0;Jamie Mullarkey;Khama Worthy;1.0;0;0;7.838627761008097
0;Marvin Vettori;Kevin Holland;-3.0;20;-7;0.8733923352293339
0;Arnold Allen;Sodiq Yusuff;-1.0;0;-1;0.6790009377331498
0;Julian Marquez;Sam Alvey;-0.0;0;-3;4.005557951224187
0;Alonzo Menifield;Fabio Cherant;-1.0;0;2;-7.1048686831351775
0;Abubakar Nurmagomedov;Jared Gooden;-1.0;0;-5;-4.060316091363957
0;Michal Oleksiejczuk;Modestas Bukauskas;-3.0;0;-4;1.0321909416346673
0;Mackenzie Dern;Nina Nunes;-1.0;0;-1;7.304735894645338
0;Daniel Rodriguez;Mike Perry;3.0;0;3;-4.706462145013244
0;Joe Solecki;Jim Miller;1.0;0;-1;9.993360575508053
0;Omar Morales;Shane Young;3.0;0;1;-7.786607527875316
0;Marc-Andre Barriault;Abu Azaitar;4.0;0;-2;3.9453239970704397
0;Mateusz Gamrot;Scott Holtzman;1.0;0;1;7.197957521372786
0;John Makdessi;Ignacio Bahamondes;-7.0;0;-7;-12.317843624441295
0;Jarjis Danho;Yorgan De Castro;3.0;15;0;-3.1787100351136575
0;Kamaru Usman;Jorge Masvidal;1.0;0;2;2.4914953763595418
0;Kamaru Usman;Jorge Masvidal;1.0;0;2;2.4914953763595418
0;Rose Namajunas;Zhang Weili;1.0;0;2;2.8775402643449217
0;Rose Namajunas;Zhang Weili;1.0;0;2;2.8775402643449217
0;Valentina Shevchenko;Jessica Andrade;4.0;0;4;-3.5510653880640946
0;Jack Shore;Hunter Azure;-0.0;-10;2;2.932298404484692
0;Luis Saldana;Jordan Griffin;1.0;0;0;0.9117230333271731
0;Da-Un Jung;William Knight;6.0;0;5;5.678419132494165
0;Uriah Hall;Chris Weidman;-2.0;0;1;0.12046790830749433
0;Anthony Smith;Jimmy Crute;2.0;0;2;-7.605905665414074
0;Randy Brown;Alex Oliveira;4.0;0;2;2.376503282066025
0;Impa Kasanganay;Sasha Palatnikov;-2.0;0;3;4.84335749536267
0;Dwight Grant;Stefan Sekulic;1.0;0;1;-7.41151426791789
0;Brendan Allen;Karl Roberson;1.0;0;1;5.232140290355038
0;Pat Sabatini;Tristan Connelly;-2.0;0;2;4.909067263530394
0;Batgerel Danaa;Kevin Natividad;1.0;-10;0;-3.7454567855602785
0;Kazula Vargas;Rong Zhu;-1.0;0;0;-14.560189463164884
0;Jeff Molina;Aoriqileng;-1.0;-10;0;4.060316091363957
0;Ariane Carnelossi;Na Liang;-3.0;0;-6;-3.6906986454205084
0;Marina Rodriguez;Michelle Waterson;3.0;0;3;1.3087195493405066
0;Alex Morono;Donald Cerrone;-2.0;0;-1;7.384135197848005
0;Neil Magny;Geoff Neal;4.0;0;5;-3.0691937548341173
0;Marcos Rogerio de Lima;Maurice Greene;-6.0;-5;-5;-1.0267151276206903
0;Gregor Gillespie;Diego Ferreira;-2.0;0;-3;1.8179702526403692
0;Phil Hawes;Kyle Daukaus;-3.0;0;1;-4.136977487559635
0;Michael Trizano;Ludovit Klein;4.0;-10;-1;-3.1458551510297954
0;Junyong Park;Tafon Nchukwi;-2.0;-20;-4;-3.6277267842597727
0;Carlston Harris;Christian Aguilera;3.0;0;4;-4.380651211181612
0;Jiri Prochazka;Dominick Reyes;-1.0;0;3;2.800878868149243
0;Giga Chikadze;Cub Swanson;4.0;0;4;4.813240518285796
0;Ion Cutelaba;Dustin Jacoby;-2.0;0;-1;5.694846574536096
0;Sean Strickland;Krzysztof Jotko;-0.0;0;-1;1.5250142028925988
0;Merab Dvalishvili;Cody Stamann;-0.0;-10;4;1.1690862919840928
0;Luana Pinheiro;Randa Markos;-2.0;0;-1;7.274618917568465
0;TJ Brown;Kai Kamaka;2.0;0;3;-4.62432493480359
0;Luana Carolina;Poliana Botelho;-2.0;10;2;4.487429584454164
0;Loma Lookboonmee;Sam Hughes;-4.0;0;-3;3.5565412020780713
0;Andreas Michailidis;KB Bhullar;-4.0;0;-2;-3.2334681752534276
0;Felipe Colares;Luke Sanders;2.0;0;2;8.298596138182166
0;Rob Font;Cody Garbrandt;-0.0;10;6;-4.032937021294072
0;Carla Esparza;Yan Xiaonan;-4.0;0;0;-1.683812809297932
0;Jared Vanderaa;Justin Tafa;4.0;1;6;-1.5879860640533345
0;Norma Dumont;Felicia Spencer;1.0;0;-1;-0.16153651341232195
0;Ricardo Ramos;Bill Algeo;-3.0;0;-1;6.143863323682211
0;Jack Hermansson;Edmen Shahbazyan;-1.0;0;3;-9.445779174110351
0;Charles Oliveira;Michael Chandler;2.0;0;3;3.4826177128893816
0;Beneil Dariush;Tony Ferguson;-1.0;0;-4;5.22940238334805
0;Matt Schnell;Rogerio Bontorin;3.0;0;3;-2.27520072280745
0;Ben Rothwell;Chris Barnett;7.0;0;3;-4.657179818887451
0;Court McGee;Claudio Silva;-0.0;0;4;2.266987001786484
0;Bruno Silva;Victor Rodriguez;-1.0;0;-2;-2.475067934317611
0;Katlyn Chookagian;Viviane Araujo;5.0;0;0;2.102712581367174
0;Edson Barboza;Shane Burgos;-0.0;0;0;-5.1554788941593594
0;Andre Muniz;Jacare Souza;-0.0;0;6;10.198703601032191
0;Josh Culibao;Shayilan Nuerdanbieke;2.0;0;4;0.05475814013977015
0;Damir Ismagulov;Rafael Alves;2.0;0;6;0.2217704675660691
0;Chan Sung Jung;Dan Ige;-0.0;0;1;-4.388864932202578
0;Serghei Spivac;Aleksei Oleinik;1.0;20;-2;17.59652833391514
0;Lando Vannata;Mike Grundy;2.0;10;-1;5.193809592257199
0;Jordan Wright;Jamie Pickett;-0.0;0;-3;3.1047865459249677
0;Andrea Lee;Antonina Shevchenko;-2.0;0;2;4.227328418790256
0;Israel Adesanya;Marvin Vettori;4.0;-20;6;-4.16435655762952
0;Brandon Moreno;Deiveson Figueiredo;2.0;0;2;5.971375182241935
0;Marlon Vera;Davey Grant;-0.0;0;1;6.957021704757798
0;SeungWoo Choi;Julian Erosa;-1.0;0;0;3.2608472453233124
0;Bruno Silva;Wellington Turman;-8.0;-60;-7;-6.351944256213338
0;Priscila Cachoeira;Gina Mazany;1.0;0;-3;-0.0
0;Tucker Lutz;Kevin Aguilar;1.0;-10;-1;5.842693552913476
0;Christos Giagos;Sean Soriano;1.0;10;1;0.29843186376174735
0;Leon Edwards;Nate Diaz;2.0;0;-2;6.357420070227315
0;Belal Muhammad;Demian Maia;-2.0;0;0;10.672361513241203
0;Paul Craig;Jamahal Hill;-1.0;0;-3;-3.474403991868416
0;Matt Brown;Dhiego Lima;-2.0;0;0;-8.057660321567178
0;Nicolae Negumereanu;Aleksa Camur;-1.0;0;4;-1.056832104697564
0;Virna Jandiroba;Kanako Murata;2.0;0;2;-5.196547499264187
0;Brad Riddell;Drew Dober;-1.0;0;1;2.9459879395196342
0;Eryk Anders;Darren Stewart;1.0;-20;1;-3.693436552427497
0;Eryk Anders;Darren Stewart;1.0;-20;1;-3.693436552427497
0;Lauren Murphy;Joanne Wood;-1.0;0;2;-2.409358166149887
0;Khaos Williams;Matthew Semelsberger;-1.0;0;2;1.3470502474383457
0;Josh Parisian;Roque Martinez;6.0;15;7;3.3183432924700713
0;Ricky Glenn;Joaquim Silva;4.0;0;1;0.1807018624612415
0;Movsar Evloev;Hakeem Dawodu;-1.0;0;-1;2.614701191674025
0;Pannie Kianzad;Alexis Davis;1.0;0;-2;7.176054265316878
0;Terrance McKinney;Matt Frevola;1.0;0;2;4.262921209881107
0;Casey O'Neill;Lara Procopio;2.0;0;2;1.8973695558430357
0;Steven Peterson;Chase Hooper;-3.0;0;-4;-9.292456381718996
0;Fares Ziam;Luigi Vendramini;5.0;0;2;1.1773000130050584
0;Carlos Felipe;Jake Collier;-3.0;15;-3;6.215048905863912
0;Islam Makhachev;Thiago Moises;1.0;0;0;-3.403218409686715
0;Miesha Tate;Marion Reneau;-0.0;0;-3;9.161036845383547
0;Mateusz Gamrot;Jeremy Stephens;1.0;10;-1;4.547663538607911
0;Rodolfo Vieira;Dustin Stoltzfus;-0.0;0;-2;-2.1383053724580243
0;Billy Quarantillo;Gabriel Benitez;2.0;0;-1;0.48187163322997734
0;Daniel Rodriguez;Preston Parsons;2.0;0;3;-8.536794047790167
0;Amanda Lemos;Montserrat Conejo;4.0;0;4;-5.70579820256405
0;Sergey Morozov;Khalid Taha;1.0;0;-2;-2.6721972388207833
0;Malcolm Gordon;Francisco Figueiredo;1.0;0;3;0.5694846574536095
0;Rodrigo Nascimento;Alan Baudot;-1.0;3;1;4.818716332299774
0;Dustin Poirier;Conor McGregor;-0.0;0;-2;0.517464424320828
0;Dustin Poirier;Conor McGregor;-0.0;0;-2;0.517464424320828
0;Gilbert Burns;Stephen Thompson;-2.0;0;-4;3.436073293770577
0;Tai Tuivasa;Greg Hardy;-3.0;-1;-5;4.632538655824555
0;Irene Aldana;Yana Kunitskaya;3.0;0;0;-1.629054669158162
0;Sean O'Malley;Kris Moutinho;4.0;0;4;2.2067530476327373
0;Max Griffin;Carlos Condit;-3.0;0;1;1.5934618780673115
0;Michel Pereira;Niko Price;1.0;0;-3;4.019247486259129
0;Ilia Topuria;Ryan Hall;-3.0;10;-1;11.912633387406997
0;Dricus Du Plessis;Trevin Giles;1.0;0;2;1.440139085675955
0;Jennifer Maia;Jessica Eye;-2.0;0;-2;2.1958014196047833
0;Brad Tavares;Omari Akhmedov;1.0;0;1;0.19165349048919553
0;Zhalgas Zhumagulov;Jerome Rivera;-6.0;0;-6;-6.644900305961108
0;Jared Cannonier;Kelvin Gastelum;2.0;0;6;-7.605905665414074
0;Mark Madsen;Clay Guida;1.0;0;2;2.792665147128278
0;Parker Porter;Chase Sherman;-4.0;15;-3;-4.569566794663819
0;Saidyokub Kakhramonov;Trevin Jones;1.0;0;-1;5.2786847094738425
0;Vinc Pichel;Austin Hubbard;-0.0;0;1;-9.078899635173892
0;Alexandre Pantoja;Brandon Royval;-4.0;0;-1;-2.335434676961197
0;Austin Lingo;Luis Saldana;-1.0;0;-3;3.4497628288055195
0;Brian Kelleher;Domingo Pilarte;-6.0;10;-7;-3.381315153630807
0;Josiane Nunes;Bea Malecki;-7.0;10;-7;2.335434676961197
0;William Knight;Fabio Cherant;-3.0;0;-1;-6.644900305961108
0;Ignacio Bahamondes;Roosevelt Roberts;1.0;0;2;3.5401137600361405
0;Ramiz Brahimaj;Sasha Palatnikov;-3.0;0;0;3.6770091103855655
0;Ciryl Gane;Derrick Lewis;1.0;-15;2;5.174644243208279
0;Jose Aldo;Pedro Munhoz;1.0;0;5;0.005475814013977016
0;Vicente Luque;Michael Chiesa;-2.0;0;0;3.9727030671403245
0;Tecia Torres;Angela Hill;-2.0;0;-4;4.591470050719727
0;Song Yadong;Casey Kenney;1.0;0;-1;6.705134260114855
0;TJ Dillashaw;Cory Sandhagen;-5.0;0;-3;-6.198621463821981
0;Raulian Paiva;Kyler Phillips;-0.0;0;-3;0.3477141898875405
0;Darren Elkins;Darrick Minner;3.0;0;2;-5.949471926186027
0;Rafael Fiziev;Bobby Green;-2.0;0;0;6.486101699555775
0;Vince Morales;Drako Rodriguez;-1.0;0;1;-5.593544015277521
0;Alonzo Menifield;Ed Herman;-1.0;0;-1;7.041896821974442
0;Maycee Barber;Miranda Maverick;2.0;0;0;0.8788681492433109
0;Adrian Yanez;Randy Costa;-2.0;0;-3;-0.5996016345304832
0;Brendan Allen;Punahele Soriano;3.0;0;3;3.096572824904002
0;Jessica Penne;Karolina Kowalkiewicz;2.0;0;3;-2.707790029911634
0;Manel Kape;Ode Osbourne;-2.0;0;-5;1.8480872297172426
0;Miles Johns;Anderson Dos Santos;2.0;0;-4;8.681903119160557
0;Nassourdine Imavov;Ian Heinisch;4.0;0;3;6.56823890976543
0;Mickey Gall;Jordan Williams;1.0;-15;-1;1.2758646652566445
0;Julio Arce;Andre Ewell;-1.0;-10;-5;1.7659500195075875
0;Melissa Gatto;Victoria Leonardo;-0.0;0;5;6.206835184842947
0;Johnny Munoz;Jamey Simmons;3.0;0;1;0.4325893071041842
0;Sijara Eubanks;Elise Reed;1.0;10;4;-7.608643572421062
0;Diana Belbita;Hannah Goldy;3.0;0;7;4.106860510482761
0;Ciryl Gane;Alexander Volkov;-3.0;-5;1;1.4647802487388515
0;Tanner Boser;Ovince Saint Preux;-1.0;50;-5;8.317761487231087
0;Timur Valiev;Raoni Barcelos;-1.0;0;0;2.7214795649465766
0;Andre Fili;Daniel Pineda;4.0;0;5;4.884426100467498
0;Tim Means;Nicolas Dalby;3.0;0;1;-0.7392348918868971
0;Renato Moicano;Jai Herbert;-2.0;0;-5;1.0212393136067133
0;Kennedy Nzechukwu;Danilo Marques;-1.0;0;6;6.464198443499867
0;Shavkat Rakhmonov;Michel Prazeres;7.0;0;10;13.2459940998104
0;Jeremiah Wells;Warlley Alves;-2.0;0;2;-4.180783999671451
0;Marcin Prachnio;Ike Villanueva;2.0;0;1;4.276610744916049
0;Julia Avila;Julija Stoliarenko;-0.0;0;2;-4.909067263530394
0;Charles Rosa;Justin Jaynes;2.0;0;1;-2.9624153815615655
0;Damir Hadzovic;Yancy Medeiros;-1.0;0;-5;-1.0814732677604606
0;Derek Brunson;Darren Till;1.0;0;3;-8.97212126190134
0;Tom Aspinall;Serghei Spivac;2.0;-4;0;-1.7878532755634955
0;Alex Morono;David Zawada;-1.0;0;-3;0.04106860510482761
0;Khalil Rountree Jr.;Modestas Bukauskas;-2.0;0;-2;-3.9562756250983937
0;Paddy Pimblett;Luigi Vendramini;2.0;0;0;-1.034928848641656
0;Molly McCann;Ji Yeon Kim;-3.0;0;-10;0.5421055873837245
0;Sean Strickland;Uriah Hall;1.0;0;-3;6.576452630786395
0;Cheyanne Vlismas;Gloria de Paula;-2.0;0;-4;0.04106860510482761
0;Jairzinho Rozenstruik;Augusto Sakai;-1.0;-23;1;-3.1431172440228066
0;Marcin Tybura;Walt Harris;-2.0;-1;1;2.417571887170852
0;Roman Dolidze;Laureano Staropoli;1.0;0;5;-4.6215870277966005
0;Jack Shore;Liudvik Sholinian;-2.0;0;0;5.045962613879819
0;Julian Erosa;Charles Jourdain;4.0;0;5;-6.324565186143452
0;Marc-Andre Barriault;Dalcha Lungiambula;5.0;0;-2;2.5544672375202775
0;Jared Gooden;Niklas Stolze;-0.0;0;2;0.9363641963900696
0;Melsik Baghdasaryan;Collin Anglin;-0.0;0;-1;-1.0650458257185296
0;Jason Witt;Bryan Barberena;-2.0;0;-2;-2.486019562345565
0;Santiago Ponzinibbio;Miguel Baeza;-2.0;0;-1;-5.9084033210812
0;Gregory Rodrigues;Dusko Todorovic;2.0;0;1;-2.2505595597445534
0;Montana De La Rosa;Ariane Lipski;1.0;0;1;1.051356290683587
0;Chris Gruetzemacher;Rafa Garcia;1.0;0;-2;-8.137059624769845
0;Danny Chavez;Kai Kamaka;1.0;0;-2;-7.813986597945201
0;Jinh Yu Frey;Ashley Yoder;-4.0;0;-4;-2.417571887170852
0;Ilir Latifi;Tanner Boser;-4.0;-25;-2;-9.013189867006167
0;Muslim Salikhov;Francisco Trinaldo;2.0;0;0;5.793411226787682
0;Kamuela Kirk;Makwan Amirkhani;-0.0;0;3;5.426531687851222
0;Zarrukh Adashev;Ryan Benoit;-0.0;0;-3;2.9268225904707146
0;Phil Rowe;Orion Cosce;4.0;0;9;-3.991868416189244
0;Giga Chikadze;Edson Barboza;1.0;0;-1;2.592797935618117
0;Bryan Battle;Gilbert Urbina;-2.0;0;2;-1.5387037379275412
0;Ricky Turcios;Brady Hiestand;1.0;0;0;-5.900189600060234
0;Alan Patrick;Mason Jones;1.0;0;0;-11.770262223043595
0;Manon Fiorot;Tabatha Ricci;6.0;10;4;-5.010369822788969
0;Sean Woodson;Youssef Zalal;4.0;0;6;-4.243755860832187
0;Claudio Puelles;Jordan Leavitt;1.0;0;1;0.8870818702642764
0;Daniel Rodriguez;Kevin Lee;4.0;0;-3;-5.678419132494165
0;Andre Petroski;Micheal Gillmore;1.0;15;1;4.208163069741336
0;Gerald Meerschaert;Makhmud Muradov;-1.0;0;2;-2.1437811864720016
0;Abdul Razak Alhassan;Alessio Di Chirico;-2.0;0;-1;-4.336844699069796
0;Wellington Turman;Sam Alvey;-2.0;0;-3;10.212393136067133
0;Dustin Jacoby;Darren Stewart;3.0;0;2;-2.7379070069885074
0;JJ Aldrich;Vanessa Demopoulos;3.0;0;8;4.019247486259129
0;Pat Sabatini;Jamall Emmers;-2.0;0;-4;1.2950300143055642
0;Mana Martinez;Guido Cannetti;4.0;0;2;16.265905528518722
0;Alexander Volkanovski;Brian Ortega;-2.0;0;2;-2.395668631114944
0;Valentina Shevchenko;Lauren Murphy;-0.0;0;-1;4.613373306775635
0;Robbie Lawler;Nick Diaz;-2.0;0;-2;-1.3689535034942537
0;Curtis Blaydes;Jairzinho Rozenstruik;2.0;23;2;2.924084683463726
0;Jessica Andrade;Cynthia Calvillo;-3.0;0;-2;4.202687255727359
0;Merab Dvalishvili;Marlon Moraes;-0.0;0;1;2.707790029911634
0;Dan Hooker;Nasrat Haqparast;2.0;-10;3;-5.519620526088832
0;Chris Daukaus;Shamil Abdurakhimov;-0.0;15;0;8.063136135581155
0;Taila Santos;Roxanne Modafferi;-1.0;0;-1;10.743547095422905
0;Jalin Turner;Uros Medic;2.0;0;6;2.061643976262346
0;Nick Maximov;Cody Brundage;-0.0;0;4;3.6058235282038646
0;Matthew Semelsberger;Martin Sano;2.0;0;0;1.4866835047947597
0;Jonathan Pearce;Omar Morales;1.0;0;-2;6.538121932688556
0;Anthony Smith;Ryan Spann;-1.0;0;-3;-3.0774074758550825
0;Ion Cutelaba;Devin Clark;1.0;0;0;3.674271203378577
0;Ariane Lipski;Mandy Bohm;-1.0;0;-4;4.492905398468141
0;Arman Tsarukyan;Christos Giagos;-3.0;0;1;6.71608588814281
0;Nate Maness;Tony Gravely;5.0;0;3;-0.2546253516499312
0;Joaquin Buckley;Antonio Arroyo;-5.0;0;3;4.821454239306762
0;Tafon Nchukwi;Mike Rodriguez;-4.0;0;-5;5.875548436997337
0;Raquel Pennington;Pannie Kianzad;-0.0;0;1;-3.2553714313093356
0;Rong Zhu;Brandon Jenkins;-3.0;0;0;8.435491488531593
0;Montel Jackson;JP Buys;5.0;0;8;-4.016509579252141
0;Erin Blanchfield;Sarah Alpar;-0.0;-10;3;7.923502878224741
0;Carlston Harris;Impa Kasanganay;1.0;0;1;-6.527170304660602
0;Gustavo Lopez;Alatengheili;-0.0;0;1;-2.464116306289657
0;Hannah Goldy;Emily Whitmire;-1.0;-10;-2;0.9856465225158627
0;Marina Rodriguez;Mackenzie Dern;2.0;0;2;-5.902927507067222
0;Randy Brown;Jared Gooden;3.0;0;1;-3.4114321307076807
0;Matheus Nicolau;Tim Elliott;-1.0;0;0;6.0370849504096595
0;Mariya Agapova;Sabina Mazo;-1.0;0;-2;0.035592791090850597
0;Chris Gutierrez;Felipe Colares;1.0;0;-2;-2.940512125505657
0;Alexandr Romanov;Jared Vanderaa;-2.0;-3;-5;-1.418235829620047
0;Damon Jackson;Charles Rosa;2.0;0;2;1.957603509996783
0;Loopy Godinez;Silvana Gomez Juarez;-1.0;0;-4;8.75035079433527
0;Steve Garcia;Charlie Ontiveros;-2.0;-30;-3;0.8843439632572879
0;Norma Dumont;Aspen Ladd;1.0;10;1;-4.4135060952654745
0;Andrei Arlovski;Carlos Felipe;3.0;-5;2;-15.937356687680102
0;Jim Miller;Erick Gonzalez;-3.0;0;-4;-8.391684976419777
0;Manon Fiorot;Mayra Bueno Silva;1.0;-10;-1;-1.5085867608506678
0;Nate Landwehr;Ludovit Klein;2.0;-10;0;-6.71334798113582
0;Bruno Silva;Andrew Sanchez;-9.0;-60;-9;1.935700253940875
0;Danny Roberts;Ramazan Emeev;3.0;0;-2;0.14237116436340239
0;Luana Carolina;Loopy Godinez;4.0;10;8;-0.23819790960800016
0;Batgerel Danaa;Brandon Davis;-3.0;0;-2;-0.8432753581524604
0;Ariane Carnelossi;Istela Nunes;-2.0;0;-5;0.3203351198176554
0;Thiago Santos;Johnny Walker;-4.0;0;-6;-8.227410556000466
0;Kevin Holland;Kyle Daukaus;-0.0;0;5;-0.3121213987966899
0;Marvin Vettori;Paulo Costa;-1.0;0;2;2.417571887170852
0;Grant Dawson;Ricky Glenn;-2.0;0;2;4.859784937404601
0;Niko Price;Alex Oliveira;1.0;0;0;1.6044135060952656
0;Krzysztof Jotko;Misha Cirkunov;-2.0;0;0;2.475067934317611
0;Alexander Hernandez;Mike Breeden;-1.0;0;2;3.447024921798531
0;Jessica-Rose Clark;Joselyne Edwards;-3.0;0;-6;-7.835889854001109
0;Alex Caceres;SeungWoo Choi;-2.0;0;-1;-4.372437490160647
0;Jared Gordon;Joe Solecki;-0.0;0;-2;-4.97203912469113
0;Casey O'Neill;Antonina Shevchenko;-2.0;0;2;12.87911456087394
0;Karol Rosa;Bethe Correia;-0.0;0;3;11.523850592414629
0;Francisco Trinaldo;Dwight Grant;-4.0;0;-6;-6.058988206465568
0;Nicolae Negumereanu;Ike Villanueva;-1.0;0;5;10.417736161591272
0;Gregory Rodrigues;Junyong Park;5.0;0;2;0.9719569874809202
0;Jamie Mullarkey;Devonte Smith;3.0;0;-2;1.0486183836765983
0;Douglas Silva de Andrade;Gaetano Pirrello;-0.0;0;3;-6.852981238492235
0;Stephanie Egger;Shanna Young;-1.0;10;3;-2.524350260443404
0;Mason Jones;David Onama;-1.0;10;0;0.8843439632572879
0;Tabatha Ricci;Maria Oliveira;-4.0;0;-8;-1.8070186246124151
0;Jamie Pickett;Laureano Staropoli;1.0;0;9;-4.498381212482118
0;Alejandro Perez;Johnny Eduardo;-1.0;0;-4;11.08304756428948
0;Jai Herbert;Khama Worthy;2.0;0;3;1.5770344360253803
0;Jeff Molina;Daniel Da Silva;-0.0;0;-1;1.1143281518443227
0;Randa Markos;Livinha Souza;1.0;0;0;-5.582592387249567
0;Jonathan Martinez;Zviad Lazishvili;2.0;0;1;2.486019562345565
0;Max Holloway;Yair Rodriguez;-0.0;0;-2;-0.8405374511454718
0;Marcos Rogerio de Lima;Ben Rothwell;-3.0;-12;-3;3.6879607384135196
0;Felicia Spencer;Leah Letson;-1.0;0;-3;-1.7276193214097484
0;Khaos Williams;Miguel Baeza;-2.0;0;3;1.5989376920812886
0;Song Yadong;Julio Arce;1.0;0;-3;8.098728926672006
0;Joel Alvarez;Thiago Moises;6.0;0;7;-2.0561681622483694
0;Andrea Lee;Cynthia Calvillo;2.0;0;5;1.585248157046346
0;Sean Woodson;Collin Anglin;5.0;0;7;-0.706380007803035
0;Cortney Casey;Liana Jojua;3.0;0;5;-7.879696366112925
0;Rafael Alves;Marc Diakiese;-2.0;0;-5;-2.335434676961197
0;Da-Un Jung;Kennedy Nzechukwu;-1.0;0;-5;1.4839455977877711
0;Glover Teixeira;Jan Blachowicz;-0.0;0;-2;-3.326557013491037
0;Petr Yan;Cory Sandhagen;-4.0;0;-3;0.8131583810755868
0;Islam Makhachev;Dan Hooker;-2.0;10;-5;1.7002402513398633
0;Alexander Volkov;Marcin Tybura;4.0;1;2;2.9569395675475882
0;Khamzat Chimaev;Li Jingliang;2.0;0;4;6.113746346605337
0;Magomed Ankalaev;Volkan Oezdemir;1.0;0;0;2.702314215897657
0;Amanda Ribas;Virna Jandiroba;-0.0;10;2;5.240354011376003
0;Zubaira Tukhugov;Ricardo Ramos;-1.0;0;-4;-4.542187724593934
0;Albert Duraev;Roman Kopylov;-1.0;0;0;-2.324483048933243
0;Elizeu Zaleski dos Santos;Benoit Saint Denis;-0.0;0;0;-9.018665681020144
0;Michal Oleksiejczuk;Shamil Gamzatov;-2.0;0;-2;4.539449817586946
0;Lerone Murphy;Makwan Amirkhani;-1.0;0;1;2.6995763088906686
0;Andre Petroski;Hu Yaozong;-3.0;0;1;-3.8193802747489682
0;Tagir Ulanbekov;Allan Nascimento;-1.0;0;1;-0.09582674524459776
0;Kamaru Usman;Colby Covington;1.0;0;4;-0.7857793110057016
0;Kamaru Usman;Colby Covington;1.0;0;4;-0.7857793110057016
0;Rose Namajunas;Zhang Weili;1.0;0;2;2.8775402643449217
0;Rose Namajunas;Zhang Weili;1.0;0;2;2.8775402643449217
0;Marlon Vera;Frankie Edgar;2.0;0;2;11.129591983408284
0;Shane Burgos;Billy Quarantillo;1.0;0;5;2.27520072280745
0;Justin Gaethje;Michael Chandler;3.0;0;-1;2.5599430515342547
0;Alex Pereira;Andreas Michailidis;4.0;0;3;-1.0321909416346673
0;Bobby Green;Al Iaquinta;-0.0;0;1;-0.6379323326283223
0;Chris Curtis;Phil Hawes;-2.0;0;-2;-1.4866835047947597
0;Nassourdine Imavov;Edmen Shahbazyan;1.0;0;1;-2.724217471953565
0;Ian Garry;Jordan Williams;2.0;-15;-1;7.096654962114211
0;Chris Barnett;Gian Villante;-6.0;35;-1;0.8213721020965523
0;Dustin Jacoby;John Allan;2.0;0;1;-4.887164007474486
0;Melsik Baghdasaryan;Bruno Souza;-1.0;0;0;-4.106860510482761
0;Ode Osbourne;CJ Vergara;1.0;0;5;0.561270936432644
0;Jose Aldo;Rob Font;-1.0;0;-1;-0.7912551250196787
0;Rafael Fiziev;Brad Riddell;1.0;0;0;1.429187457648001
0;Jamahal Hill;Jimmy Crute;2.0;0;5;-4.794075169236877
0;Clay Guida;Leonardo Santos;-5.0;0;-5;1.8398735086962772
0;Chris Curtis;Brendan Allen;-4.0;0;0;-8.454656837580512
0;Alex Morono;Mickey Gall;-3.0;0;-2;-1.434663271661978
0;Dusko Todorovic;Maki Pitolo;3.0;0;-1;3.4826177128893816
0;Manel Kape;Zhalgas Zhumagulov;1.0;0;2;5.21023703429913
0;Bryan Barberena;Darian Weeks;1.0;0;0;-4.558615166635866
0;Cheyanne Vlismas;Mallory Martin;-1.0;0;0;1.401808387578116
0;William Knight;Alonzo Menifield;-2.0;0;-3;0.4599683771740693
0;Ketlen Vieira;Miesha Tate;2.0;0;3;5.021321450816923
0;Sean Brady;Michael Chiesa;-3.0;0;-3;4.963825403670165
0;Claudio Puelles;Chris Gruetzemacher;2.0;0;4;9.848251504137663
0;Vince Morales;Louis Smolka;-2.0;0;2;-0.6735251237191728
0;Taila Santos;Joanne Wood;-0.0;0;3;7.496389385134534
0;Rani Yahya;Kyung Ho Kang;-3.0;0;-6;-2.9897944516314503
0;Adrian Yanez;Davey Grant;-1.0;0;1;7.948144041287637
0;Pat Sabatini;Tucker Lutz;-0.0;0;-2;-3.6715332963715888
0;Rafa Garcia;Natan Levy;-2.0;0;-1;2.847423287268048
0;Loopy Godinez;Loma Lookboonmee;1.0;0;0;-2.3655516540380708
0;Cody Durden;Aoriqileng;-0.0;-10;-2;-2.2423458387235877
0;Shayilan Nuerdanbieke;Sean Soriano;-1.0;0;-1;4.575042608677796
0;Luana Pinheiro;Sam Hughes;-3.0;0;-2;0.39152070199935657
0;Calvin Kattar;Giga Chikadze;-1.0;0;-2;-0.41616186506225317
0;Jake Collier;Chase Sherman;-1.0;-20;0;-1.0595700117045526
0;Brandon Royval;Rogerio Bontorin;4.0;0;1;0.30938349178970137
0;Katlyn Chookagian;Jennifer Maia;5.0;0;4;0.22724628158004614
0;Viacheslav Borshchev;Dakota Bush;1.0;0;-4;-2.417571887170852
0;Bill Algeo;Joanderson Brito;4.0;0;1;-5.6756812254871765
0;Jamie Pickett;Joseph Holmes;-2.0;0;0;-6.844767517471269
0;Court McGee;Ramiz Brahimaj;1.0;0;3;-7.931716599245707
0;Brian Kelleher;Kevin Croom;-5.0;10;-7;-0.9035093123062076
0;TJ Brown;Charles Rosa;-0.0;0;3;3.74271887855329
0;Sean Strickland;Jack Hermansson;-0.0;0;-1;2.7160037509325994
0;Nick Maximov;Punahele Soriano;1.0;0;4;5.0842933119776585
0;Shavkat Rakhmonov;Carlston Harris;1.0;0;1;7.291046359610396
0;Brendan Allen;Sam Alvey;-0.0;0;0;9.645646385620513
0;Bryan Battle;Tresean Gore;1.0;0;2;0.2518874446429427
0;Julian Erosa;Steven Peterson;3.0;0;4;-0.8268479161105293
0;John Castaneda;Miles Johns;-1.0;0;5;-2.280676536821427
0;Hakeem Dawodu;Michael Trizano;-3.0;0;2;-0.49829907527190836
0;Chidi Njokuani;Marc-Andre Barriault;2.0;0;6;-1.133493500893242
0;Alexis Davis;Julija Stoliarenko;-1.0;0;2;-8.509414977720281
0;Jailton Almeida;Danilo Marques;-3.0;0;2;5.497717270032924
0;Phil Rowe;Jason Witt;5.0;0;10;3.693436552427497
0;Malcolm Gordon;Denys Bondar;1.0;0;2;-2.1081883953811507
0;Francis Ngannou;Ciryl Gane;-0.0;5;2;-3.6003477141898874
0;Deiveson Figueiredo;Brandon Moreno;-2.0;0;-2;-5.971375182241935
0;Deiveson Figueiredo;Brandon Moreno;-2.0;0;-2;-5.971375182241935
0;Michel Pereira;Andre Fialho;1.0;0;-1;-0.5010369822788969
0;Said Nurmagomedov;Cody Stamann;2.0;-10;6;2.4038823521359096
0;Michael Morales;Trevin Giles;-0.0;-15;5;6.880360308562119
0;Victor Henry;Raoni Barcelos;-0.0;0;1;0.008213721020965523
0;Jack Della Maddalena;Pete Rodriguez;2.0;0;2;-0.1752260484472645
0;Tony Gravely;Saimon Oliveira;1.0;0;-3;0.4380651211181612
0;Matt Frevola;Genaro Valdez;-0.0;0;-1;-1.5989376920812886
0;Vanessa Demopoulos;Silvana Gomez Juarez;-1.0;10;-6;3.7947391116860714
0;Jasmine Jasudavicius;Kay Hansen;5.0;10;5;-10.453328952682122
0;Derrick Lewis;Chris Daukaus;-0.0;10;3;-4.6298007488175665
0;Belal Muhammad;Stephen Thompson;-1.0;0;-3;5.407366338802302
0;Amanda Lemos;Angela Hill;1.0;0;1;2.3546000260101168
0;Ricky Simon;Raphael Assuncao;1.0;0;3;10.119304297829524
0;Mateusz Gamrot;Diego Ferreira;1.0;0;-4;5.894713786046257
0;Israel Adesanya;Robert Whittaker;4.0;0;7;-1.41276001560607
0;Tai Tuivasa;Derrick Lewis;-1.0;4;-4;8.101466833678995
0;Jared Cannonier;Derek Brunson;-2.0;0;0;0.19712930450317254
0;Cub Swanson;Darren Elkins;-2.0;0;-1;-0.5366297733697475
0;Gerald Meerschaert;Dustin Stoltzfus;1.0;0;2;-3.909731205979589
0;Justin Tafa;Harry Hunsucker;-2.0;23;-1;4.941922147614256
0;Melissa Gatto;Sijara Eubanks;1.0;0;2;11.014599889114766
0;Renato Moicano;Alexander Hernandez;2.0;0;0;-3.364887711588876
0;Bobby Green;Nasrat Haqparast;-0.0;0;-1;-8.950218005845432
0;Andrei Arlovski;Jared Vanderaa;-1.0;-25;-3;-13.267897355866308
0;Charles Jourdain;Andre Ewell;1.0;0;-6;7.849579389036052
0;Raquel Pennington;Macy Chiasson;-4.0;-10;-5;-2.8884918923728757
0;Don'Tale Mayes;Josh Parisian;2.0;-5;2;2.551729330513289
0;Casey O'Neill;Roxanne Modafferi;-1.0;0;0;15.036585282380884
0;Kyler Phillips;Marcelo Rojo;-0.0;0;1;6.943332169722855
0;Carlos Ulberg;Fabio Cherant;3.0;0;3;-4.049364463336003
0;Jordan Leavitt;Matt Sayles;2.0;0;3;1.2758646652566445
0;Ronnie Lawrence;Mana Martinez;-2.0;0;-2;-3.781049576651129
0;Jacob Malkoun;AJ Dobson;-4.0;0;-3;3.6030856211968763
0;Douglas Silva de Andrade;Sergey Morozov;1.0;0;1;-3.9781788811543017
0;Jeremiah Wells;Blood Diamond;-2.0;0;-2;-1.6947644373258863
0;Maxim Grishin;William Knight;5.0;0;5;-3.920682834007543
0;Colby Covington;Jorge Masvidal;-0.0;0;-2;3.2772746873652436
0;Jamahal Hill;Johnny Walker;-2.0;0;-3;-0.8651786142083684
0;Kyle Daukaus;Jamie Pickett;1.0;0;-4;4.498381212482118
0;Rafael Dos Anjos;Renato Moicano;-3.0;0;-2;-4.566828887656831
0;Bryce Mitchell;Edson Barboza;-1.0;0;-5;8.701068468209478
0;Kevin Holland;Alex Oliveira;4.0;15;5;4.706462145013244
0;Parker Porter;Alan Baudot;-3.0;22;-4;-2.778975612093335
0;Jim Miller;Nikolas Motta;-1.0;0;1;-9.445779174110351
0;Joaquin Buckley;Abdul Razak Alhassan;-0.0;0;3;8.709282189230443
0;Serghei Spivac;Greg Hardy;-2.0;-5;-2;6.4915775135697515
0;Jalin Turner;Jamie Mullarkey;3.0;0;3;0.7501865199148511
0;Marina Rodriguez;Yan Xiaonan;1.0;0;2;-2.1328295584440475
0;David Onama;Gabriel Benitez;3.0;0;3;5.976850996255912
0;Stephanie Egger;Jessica-Rose Clark;1.0;0;4;0.706380007803035
0;Chas Skelly;Mark Striegl;3.0;0;2;-3.11847608095991
0;Gloria de Paula;Diana Belbita;-2.0;0;-1;-1.04588047666961
0;Nicolae Negumereanu;Kennedy Nzechukwu;-5.0;0;-5;2.225918396681657
0;Maryna Moroz;Mariya Agapova;1.0;0;-1;-5.579854480242578
0;Umar Nurmagomedov;Brian Kelleher;2.0;0;3;9.533392198333983
0;Chad Anheliger;Jesse Strader;-1.0;0;-6;-4.490167491461152
0;Jonathan Pearce;Christian Rodriguez;5.0;0;0;-5.629136806368372
0;Mario Bautista;Jay Perrin;2.0;0;2;0.043806512111816125
0;Tim Elliott;Tagir Ulanbekov;-0.0;0;-4;-4.618849120789612
0;Ludovit Klein;Devonte Smith;-2.0;0;-4;1.5660828079974263
0;Dustin Jacoby;Michal Oleksiejczuk;3.0;0;2;-6.885836122576097
0;Islam Makhachev;Bobby Green;-0.0;0;-1;5.130837731096463
0;Wellington Turman;Misha Cirkunov;-3.0;0;-5;9.399234754991546
0;Priscila Cachoeira;Ji Yeon Kim;-0.0;0;-7;-1.1636104779701157
0;Arman Tsarukyan;Joel Alvarez;-8.0;0;-5;3.6112993422178414
0;Armen Petrosyan;Gregory Rodrigues;-0.0;0;-4;-1.2922921072985756
0;Ignacio Bahamondes;Rong Zhu;6.0;0;4;-2.5270881674503927
0;Josiane Nunes;Ramona Pascual;-5.0;0;1;5.248567732396969
0;Terrance McKinney;Fares Ziam;-3.0;0;-2;-2.51339863241545
0;Jonathan Martinez;Alejandro Perez;2.0;0;3;4.6298007488175665
0;Ramiz Brahimaj;Micheal Gillmore;-1.0;0;0;5.642826341403314
0;Carlos Hernandez;Victor Altamirano;-0.0;0;-3;2.7543344490304387
0;Charles Oliveira;Dustin Poirier;1.0;0;2;0.7419727988938856
0;Julianna Pena;Amanda Nunes;-2.0;0;0;1.2211065251168745
0;Geoff Neal;Santiago Ponzinibbio;-1.0;0;2;3.920682834007543
0;Kai Kara-France;Cody Garbrandt;-4.0;0;4;1.7194056003887828
0;Sean O'Malley;Raulian Paiva;3.0;0;3;-0.9801707085018857
0;Josh Emmett;Dan Ige;-1.0;0;-1;-6.423129838395039
0;Magomed Ankalaev;Thiago Santos;1.0;0;-1;8.40263660444773
0;Song Yadong;Marlon Moraes;2.0;0;0;9.601839873508696
0;Sodiq Yusuff;Alex Caceres;-1.0;0;-2;4.911805170537383
0;Dominick Cruz;Pedro Munhoz;2.0;0;3;-1.4976351328227138
0;Tai Tuivasa;Augusto Sakai;-1.0;-1;-2;1.8535630437312196
0;Bruno Silva;Jordan Wright;-10.0;-60;-12;-1.5606069939834493
0;Khalil Rountree Jr.;Karl Roberson;-0.0;20;2;-0.6023395415374717
0;Drew Dober;Terrance McKinney;-2.0;0;-3;-5.905665414074211
0;Alex Pereira;Bruno Silva;12.0;60;14;-2.691362587869703
0;Andre Muniz;Eryk Anders;-0.0;0;3;2.8282579382191284
0;Erin Blanchfield;Miranda Maverick;1.0;0;1;1.8398735086962772
0;Ryan Hall;Darrick Minner;3.0;0;1;-5.177382150215268
0;Matthew Semelsberger;AJ Fletcher;3.0;0;8;-4.23828004681821
0;JJ Aldrich;Gillian Robertson;-0.0;0;4;-2.6283907267089672
0;Javid Basharat;Trevin Jones;2.0;0;-1;5.092507032998625
0;Tony Kelley;Randy Costa;-0.0;0;-3;-7.455320780029706
0;Gillian Robertson;Priscila Cachoeira;-2.0;0;-2;6.740727051205706
0;Damon Jackson;Kamuela Kirk;1.0;0;-4;-5.678419132494165
0;Miranda Maverick;Sabina Mazo;-4.0;0;-5;0.26831488668487374
0;Cody Brundage;Dalcha Lungiambula;4.0;0;-4;6.792747284338487
0;Guido Cannetti;Kris Moutinho;-1.0;0;0;-12.64091665126594
0;Azamat Murzakanov;Tafon Nchukwi;-2.0;20;-6;-5.505930991053889
0;Curtis Blaydes;Chris Daukaus;1.0;15;4;1.3990704805711274
0;Alexa Grasso;Joanne Wood;-1.0;0;1;7.627808921469982
0;Bryan Barberena;Matt Brown;-0.0;0;-3;8.309547766210121
0;Kai Kara-France;Askar Askarov;-2.0;0;2;0.4599683771740693
0;Neil Magny;Max Griffin;4.0;0;4;1.6755990882769667
0;Marc Diakiese;Viacheslav Borshchev;-1.0;0;4;1.1855137340260238
0;Sara McMann;Karol Rosa;1.0;0;-1;-14.264495506410125
0;Chris Gutierrez;Batgerel Danaa;2.0;0;-3;1.7988049035914495
0;Aliaskhab Khizriev;Denis Tiuliulin;-4.0;0;-3;2.269724908793473
0;Manon Fiorot;Jennifer Maia;3.0;0;1;1.3662155964872653
0;Matheus Nicolau;David Dvorak;1.0;0;-2;0.5886500065025292
0;Luis Saldana;Bruno Souza;1.0;0;3;-5.108934475040555
0;Tom Aspinall;Alexander Volkov;-2.0;6;-2;4.462788421391267
0;Arnold Allen;Dan Hooker;-4.0;0;-5;3.9398481830564624
0;Paddy Pimblett;Kazula Vargas;2.0;0;2;9.385545219956605
0;Gunnar Nelson;Takashi Sato;1.0;0;-1;-1.8645146717591736
0;Molly McCann;Luana Carolina;-2.0;0;-7;-3.1047865459249677
0;Ilia Topuria;Jai Herbert;-6.0;0;-8;8.692854747188512
0;Makwan Amirkhani;Mike Grundy;3.0;0;0;1.8480872297172426
0;Sergei Pavlovich;Shamil Abdurakhimov;-0.0;22;8;10.69426476929711
0;Paul Craig;Nikita Krylov;-0.0;0;-1;-4.276610744916049
0;Jack Shore;Timur Valiev;2.0;0;4;5.048700520886808
0;Elise Reed;Cory McKenna;-0.0;0;5;-6.595617979835315
0;Muhammad Mokaev;Cody Durden;-0.0;0;3;9.3390008008378
0;Belal Muhammad;Vicente Luque;-0.0;0;-3;-3.3840530606377954
0;Caio Borralho;Gadzhi Omargadzhiev;-3.0;0;4;-0.1067783732725518
0;Andre Fialho;Miguel Baeza;-2.0;0;0;1.6208409481371966
0;Mayra Bueno Silva;Wu Yanan;-2.0;0;0;-4.657179818887451
0;Pat Sabatini;TJ Laramie;2.0;0;4;-6.932380541694902
0;Mounir Lazzez;Ange Loosa;3.0;0;2;-5.336180756620601
0;Devin Clark;William Knight;2.0;0;2;2.0233132781645073
0;Pannie Kianzad;Lina Lansberg;-0.0;0;1;9.738735223858122
0;Drakkar Klose;Brandon Jenkins;-3.0;0;-1;-3.5592791090850597
0;Jessica Andrade;Amanda Lemos;-3.0;10;-3;4.345058420090762
0;Claudio Puelles;Clay Guida;3.0;0;2;14.368535972675689
0;Maycee Barber;Montana De La Rosa;-2.0;0;-3;3.2553714313093356
0;Rafa Garcia;Jesse Ronson;-3.0;0;0;8.613455443985846
0;Martin Buday;Chris Barnett;7.0;0;2;5.410104245809291
0;Jordan Leavitt;Trey Ogden;-2.0;0;-1;5.546999596158717
0;Charles Jourdain;Lando Vannata;-0.0;-10;-2;3.704388180455451
0;Marc-Andre Barriault;Jordan Wright;-1.0;0;-3;-1.6317925761651506
0;Sergey Khandozhko;Dwight Grant;-0.0;0;-2;7.677091247595776
0;Sam Hughes;Istela Nunes;1.0;0;-2;-0.06844767517471269
0;Alatengheili;Kevin Croom;-6.0;0;-7;4.416244002272463
0;Tyson Pedro;Ike Villanueva;2.0;0;6;7.452582873022718
0;Aoriqileng;Cameron Else;-2.0;0;-2;6.163028672731131
0;Preston Parsons;Evan Elder;1.0;0;-1;-1.7413088564446908
0;Philipe Lins;Marcin Prachnio;-1.0;35;4;-2.907657241421795
0;Mike Jackson;Dean Barry;4.0;0;2;-7.28283263858943
0;Alexander Volkanovski;Chan Sung Jung;-1.0;0;-1;1.5387037379275412
0;Aljamain Sterling;Petr Yan;-0.0;0;4;-3.5346379460221633
0;Aljamain Sterling;Petr Yan;-0.0;0;4;-3.5346379460221633
0;Khamzat Chimaev;Gilbert Burns;4.0;0;4;7.781131713861338
0;Mackenzie Dern;Tecia Torres;3.0;0;3;3.6030856211968763
0;Mark Madsen;Vinc Pichel;-2.0;0;0;1.8343976946823002
0;Ian Garry;Darian Weeks;4.0;0;2;3.9836546951682785
0;Anthony Hernandez;Josh Fremd;-4.0;0;-1;-0.24367372362197717
0;Raquel Pennington;Aspen Ladd;1.0;0;1;-6.483363792548786
0;Mike Malott;Mickey Gall;-1.0;0;-1;-0.20808093253112658
0;Aleksei Oleinik;Jared Vanderaa;-2.0;-25;0;-14.894214118017482
0;Piera Rodriguez;Kay Hansen;1.0;0;0;-6.754416586240648
0;Julio Arce;Daniel Santos;-0.0;0;3;-5.371773547711452
